timestamp,current_price_eur_mwh,signal,action,grid_energy_mwh,soc_before_mwh,soc_after_mwh,daily_discharge_mwh,pnl_eur,cumulative_cash_pnl_eur
2026-08-07 14:30:00+00:00,86.34,BUY,CHARGE,12.125,10.0,21.50278498886248,0.0,-1046.8725,-1046.8725
2026-08-07 14:45:00+00:00,99.81,BUY,CHARGE,12.125,21.50278498886248,33.00556997772496,0.0,-1210.19625,-2257.06875
2026-08-07 15:00:00+00:00,100.68,BUY,CHARGE,12.125,33.00556997772496,44.50835496658744,0.0,-1220.7450000000001,-3477.8137500000003
2026-08-07 15:15:00+00:00,107.89,BUY,CHARGE,12.125,44.50835496658744,56.01113995544992,0.0,-1308.16625,-4785.9800000000005
2026-08-07 15:30:00+00:00,120.48,BUY,CHARGE,12.125,56.01113995544992,67.51392494431241,0.0,-1460.82,-6246.8
2026-08-07 15:45:00+00:00,130.47,BUY,CHARGE,12.125,67.51392494431241,79.0167099331749,0.0,-1581.94875,-7828.748750000001
2026-08-07 16:00:00+00:00,121.31,BUY,CHARGE,11.577404271156766,79.0167099331749,90.0,0.0,-1404.4549121340274,-9233.203662134028
2026-08-07 16:15:00+00:00,138.04,BUY,WAIT,0.0,90.0,90.0,0.0,0.0,-9233.203662134028
2026-08-07 16:30:00+00:00,145.65,BUY,WAIT,0.0,90.0,90.0,0.0,0.0,-9233.203662134028
2026-08-07 16:45:00+00:00,162.09,BUY,WAIT,0.0,90.0,90.0,0.0,0.0,-9233.203662134028
2026-08-07 17:00:00+00:00,145.82,BUY,WAIT,0.0,90.0,90.0,0.0,0.0,-9233.203662134028
2026-08-07 17:15:00+00:00,167.04,WAIT,WAIT,0.0,90.0,90.0,0.0,0.0,-9233.203662134028
2026-08-07 17:30:00+00:00,172.83,WAIT,WAIT,0.0,90.0,90.0,0.0,0.0,-9233.203662134028
2026-08-07 17:45:00+00:00,189.42,WAIT,WAIT,0.0,90.0,90.0,0.0,0.0,-9233.203662134028
2026-08-07 18:00:00+00:00,179.08,WAIT,WAIT,0.0,90.0,90.0,0.0,0.0,-9233.203662134028
2026-08-07 18:15:00+00:00,191.7,SELL,DISCHARGE,12.125,90.0,77.2191277901528,12.125,2324.3624999999997,-6908.841162134029
2026-08-07 18:30:00+00:00,199.7,SELL,DISCHARGE,12.125,77.2191277901528,64.4382555803056,24.25,2421.3624999999997,-4487.47866213403
2026-08-07 18:45:00+00:00,196.84,SELL,DISCHARGE,12.125,64.4382555803056,51.65738337045839,36.375,2386.685,-2100.79366213403
2026-08-07 19:00:00+00:00,206.66,SELL,DISCHARGE,12.125,51.65738337045839,38.87651116061119,48.5,2505.7525,404.95883786597005
2026-08-07 19:15:00+00:00,193.87,SELL,DISCHARGE,12.125,38.87651116061119,26.095638950763988,60.625,2350.67375,2755.63258786597
2026-08-07 19:30:00+00:00,186.69,SELL,DISCHARGE,12.125,26.095638950763988,13.314766740916788,72.75,2263.61625,5019.24883786597
2026-08-07 19:45:00+00:00,175.52,SELL,DISCHARGE,3.1446638440410912,13.314766740916788,10.0,75.89466384404109,551.9513979060923,5571.200235772062
2026-08-07 20:00:00+00:00,186.49,SELL,WAIT,0.0,10.0,10.0,75.89466384404109,0.0,5571.200235772062
2026-08-07 20:15:00+00:00,175.08,SELL,WAIT,0.0,10.0,10.0,75.89466384404109,0.0,5571.200235772062
2026-08-07 20:30:00+00:00,175.05,SELL,WAIT,0.0,10.0,10.0,75.89466384404109,0.0,5571.200235772062
2026-08-07 20:45:00+00:00,170.59,SELL,WAIT,0.0,10.0,10.0,75.89466384404109,0.0,5571.200235772062
2026-08-07 21:00:00+00:00,172.02,SELL,WAIT,0.0,10.0,10.0,75.89466384404109,0.0,5571.200235772062
2026-08-07 21:15:00+00:00,165.31,SELL,WAIT,0.0,10.0,10.0,75.89466384404109,0.0,5571.200235772062
2026-08-07 21:30:00+00:00,163.78,WAIT,WAIT,0.0,10.0,10.0,75.89466384404109,0.0,5571.200235772062
2026-08-07 21:45:00+00:00,158.4,WAIT,WAIT,0.0,10.0,10.0,75.89466384404109,0.0,5571.200235772062
2026-08-07 22:00:00+00:00,163.44,SELL,WAIT,0.0,10.0,10.0,75.89466384404109,0.0,5571.200235772062
2026-08-07 22:15:00+00:00,156.42,SELL,WAIT,0.0,10.0,10.0,75.89466384404109,0.0,5571.200235772062
2026-08-07 22:30:00+00:00,154.02,WAIT,WAIT,0.0,10.0,10.0,75.89466384404109,0.0,5571.200235772062
2026-08-07 22:45:00+00:00,146.12,WAIT,WAIT,0.0,10.0,10.0,75.89466384404109,0.0,5571.200235772062
2026-08-07 23:00:00+00:00,155.2,SELL,WAIT,0.0,10.0,10.0,75.89466384404109,0.0,5571.200235772062
2026-08-07 23:15:00+00:00,149.91,WAIT,WAIT,0.0,10.0,10.0,75.89466384404109,0.0,5571.200235772062
2026-08-07 23:30:00+00:00,146.11,WAIT,WAIT,0.0,10.0,10.0,75.89466384404109,0.0,5571.200235772062
2026-08-07 23:45:00+00:00,140.99,WAIT,WAIT,0.0,10.0,10.0,75.89466384404109,0.0,5571.200235772062
2026-08-08 00:00:00+00:00,147.57,WAIT,WAIT,0.0,10.0,10.0,0.0,0.0,5571.200235772062
2026-08-08 00:15:00+00:00,143.94,WAIT,WAIT,0.0,10.0,10.0,0.0,0.0,5571.200235772062
2026-08-08 00:30:00+00:00,142.98,WAIT,WAIT,0.0,10.0,10.0,0.0,0.0,5571.200235772062
2026-08-08 00:45:00+00:00,140.1,WAIT,WAIT,0.0,10.0,10.0,0.0,0.0,5571.200235772062
2026-08-08 01:00:00+00:00,143.94,WAIT,WAIT,0.0,10.0,10.0,0.0,0.0,5571.200235772062
2026-08-08 01:15:00+00:00,142.35,WAIT,WAIT,0.0,10.0,10.0,0.0,0.0,5571.200235772062
2026-08-08 01:30:00+00:00,141.8,WAIT,WAIT,0.0,10.0,10.0,0.0,0.0,5571.200235772062
2026-08-08 01:45:00+00:00,141.32,WAIT,WAIT,0.0,10.0,10.0,0.0,0.0,5571.200235772062
2026-08-08 02:00:00+00:00,138.81,WAIT,WAIT,0.0,10.0,10.0,0.0,0.0,5571.200235772062
2026-08-08 02:15:00+00:00,141.77,WAIT,WAIT,0.0,10.0,10.0,0.0,0.0,5571.200235772062
2026-08-08 02:30:00+00:00,138.71,WAIT,WAIT,0.0,10.0,10.0,0.0,0.0,5571.200235772062
2026-08-08 02:45:00+00:00,141.51,WAIT,WAIT,0.0,10.0,10.0,0.0,0.0,5571.200235772062
2026-08-08 03:00:00+00:00,137.75,WAIT,WAIT,0.0,10.0,10.0,0.0,0.0,5571.200235772062
2026-08-08 03:15:00+00:00,140.32,WAIT,WAIT,0.0,10.0,10.0,0.0,0.0,5571.200235772062
2026-08-08 03:30:00+00:00,146.21,SELL,WAIT,0.0,10.0,10.0,0.0,0.0,5571.200235772062
2026-08-08 03:45:00+00:00,149.97,SELL,WAIT,0.0,10.0,10.0,0.0,0.0,5571.200235772062
2026-08-08 04:00:00+00:00,153.8,SELL,WAIT,0.0,10.0,10.0,0.0,0.0,5571.200235772062
2026-08-08 04:15:00+00:00,148.19,SELL,WAIT,0.0,10.0,10.0,0.0,0.0,5571.200235772062
2026-08-08 04:30:00+00:00,143.93,SELL,WAIT,0.0,10.0,10.0,0.0,0.0,5571.200235772062
2026-08-08 04:45:00+00:00,137.72,SELL,WAIT,0.0,10.0,10.0,0.0,0.0,5571.200235772062
2026-08-08 05:00:00+00:00,155.0,SELL,WAIT,0.0,10.0,10.0,0.0,0.0,5571.200235772062
2026-08-08 05:15:00+00:00,142.87,SELL,WAIT,0.0,10.0,10.0,0.0,0.0,5571.200235772062
2026-08-08 05:30:00+00:00,134.9,SELL,WAIT,0.0,10.0,10.0,0.0,0.0,5571.200235772062
2026-08-08 05:45:00+00:00,118.02,SELL,WAIT,0.0,10.0,10.0,0.0,0.0,5571.200235772062
2026-08-08 06:00:00+00:00,145.88,SELL,WAIT,0.0,10.0,10.0,0.0,0.0,5571.200235772062
2026-08-08 06:15:00+00:00,124.56,SELL,WAIT,0.0,10.0,10.0,0.0,0.0,5571.200235772062
2026-08-08 06:30:00+00:00,106.7,SELL,WAIT,0.0,10.0,10.0,0.0,0.0,5571.200235772062
2026-08-08 06:45:00+00:00,82.99,SELL,WAIT,0.0,10.0,10.0,0.0,0.0,5571.200235772062
2026-08-08 07:00:00+00:00,107.54,SELL,WAIT,0.0,10.0,10.0,0.0,0.0,5571.200235772062
2026-08-08 07:15:00+00:00,87.67,SELL,WAIT,0.0,10.0,10.0,0.0,0.0,5571.200235772062
2026-08-08 07:30:00+00:00,44.94,WAIT,WAIT,0.0,10.0,10.0,0.0,0.0,5571.200235772062
2026-08-08 07:45:00+00:00,10.03,BUY,CHARGE,12.125,10.0,21.50278498886248,0.0,-121.61375,5449.586485772062
2026-08-08 08:00:00+00:00,12.32,BUY,CHARGE,12.125,21.50278498886248,33.00556997772496,0.0,-149.38,5300.206485772062
2026-08-08 08:15:00+00:00,3.21,BUY,CHARGE,12.125,33.00556997772496,44.50835496658744,0.0,-38.92125,5261.285235772061
2026-08-08 08:30:00+00:00,0.03,BUY,CHARGE,12.125,44.50835496658744,56.01113995544992,0.0,-0.36374999999999996,5260.921485772061
2026-08-13 13:15:00+00:00,35.47,BUY,CHARGE,12.125,56.01113995544992,67.51392494431241,0.0,-430.07374999999996,4830.847735772061
2026-08-13 13:30:00+00:00,57.62,BUY,CHARGE,12.125,67.51392494431241,79.0167099331749,0.0,-698.6424999999999,4132.205235772061
2026-08-13 13:45:00+00:00,74.49,BUY,CHARGE,11.577404271156766,79.0167099331749,90.0,0.0,-862.4008441584674,3269.804391613594
2026-08-13 14:00:00+00:00,78.4,BUY,WAIT,0.0,90.0,90.0,0.0,0.0,3269.804391613594
2026-08-13 14:30:00+00:00,123.45,BUY,WAIT,0.0,90.0,90.0,0.0,0.0,3269.804391613594
2026-08-13 14:45:00+00:00,130.67,BUY,WAIT,0.0,90.0,90.0,0.0,0.0,3269.804391613594
2026-08-13 15:00:00+00:00,125.07,BUY,WAIT,0.0,90.0,90.0,0.0,0.0,3269.804391613594
2026-08-13 15:15:00+00:00,135.9,BUY,WAIT,0.0,90.0,90.0,0.0,0.0,3269.804391613594
2026-08-13 15:30:00+00:00,159.87,BUY,WAIT,0.0,90.0,90.0,0.0,0.0,3269.804391613594
2026-08-13 15:45:00+00:00,177.95,BUY,WAIT,0.0,90.0,90.0,0.0,0.0,3269.804391613594
2026-08-13 16:00:00+00:00,165.0,BUY,WAIT,0.0,90.0,90.0,0.0,0.0,3269.804391613594
2026-08-13 16:15:00+00:00,188.0,BUY,WAIT,0.0,90.0,90.0,0.0,0.0,3269.804391613594
2026-08-13 16:30:00+00:00,209.06,BUY,WAIT,0.0,90.0,90.0,0.0,0.0,3269.804391613594
2026-08-13 16:45:00+00:00,253.93,WAIT,WAIT,0.0,90.0,90.0,0.0,0.0,3269.804391613594
2026-08-13 17:00:00+00:00,229.16,BUY,WAIT,0.0,90.0,90.0,0.0,0.0,3269.804391613594
2026-08-13 17:15:00+00:00,262.69,SELL,DISCHARGE,12.125,90.0,77.2191277901528,12.125,3185.11625,6454.920641613594
2026-08-13 17:30:00+00:00,327.17,SELL,DISCHARGE,12.125,77.2191277901528,64.4382555803056,24.25,3966.93625,10421.856891613594
2026-08-13 17:45:00+00:00,487.38,SELL,DISCHARGE,12.125,64.4382555803056,51.65738337045839,36.375,5909.4825,16331.339391613594
2026-08-13 18:00:00+00:00,414.96,SELL,DISCHARGE,12.125,51.65738337045839,38.87651116061119,48.5,5031.389999999999,21362.729391613593
2026-08-13 18:15:00+00:00,371.94,SELL,DISCHARGE,12.125,38.87651116061119,26.095638950763988,60.625,4509.7725,25872.501891613592
2026-08-13 18:30:00+00:00,300.14,SELL,DISCHARGE,12.125,26.095638950763988,13.314766740916788,72.75,3639.1974999999998,29511.69939161359
2026-08-13 18:45:00+00:00,268.41,SELL,DISCHARGE,3.1446638440410912,13.314766740916788,10.0,75.89466384404109,844.0592223790694,30355.75861399266
2026-08-13 19:00:00+00:00,353.92,SELL,WAIT,0.0,10.0,10.0,75.89466384404109,0.0,30355.75861399266
2026-08-13 19:15:00+00:00,268.97,SELL,WAIT,0.0,10.0,10.0,75.89466384404109,0.0,30355.75861399266
2026-08-13 19:30:00+00:00,240.0,SELL,WAIT,0.0,10.0,10.0,75.89466384404109,0.0,30355.75861399266
2026-08-13 19:45:00+00:00,217.15,SELL,WAIT,0.0,10.0,10.0,75.89466384404109,0.0,30355.75861399266
2026-08-13 20:00:00+00:00,233.38,SELL,WAIT,0.0,10.0,10.0,75.89466384404109,0.0,30355.75861399266
2026-08-13 20:15:00+00:00,215.51,SELL,WAIT,0.0,10.0,10.0,75.89466384404109,0.0,30355.75861399266
2026-08-13 20:30:00+00:00,212.01,SELL,WAIT,0.0,10.0,10.0,75.89466384404109,0.0,30355.75861399266
2026-08-13 20:45:00+00:00,193.03,SELL,WAIT,0.0,10.0,10.0,75.89466384404109,0.0,30355.75861399266
2026-08-13 21:00:00+00:00,187.43,SELL,WAIT,0.0,10.0,10.0,75.89466384404109,0.0,30355.75861399266
2026-08-13 21:15:00+00:00,171.1,SELL,WAIT,0.0,10.0,10.0,75.89466384404109,0.0,30355.75861399266
2026-08-13 21:30:00+00:00,159.15,SELL,WAIT,0.0,10.0,10.0,75.89466384404109,0.0,30355.75861399266
2026-08-13 21:45:00+00:00,153.57,SELL,WAIT,0.0,10.0,10.0,75.89466384404109,0.0,30355.75861399266
2026-08-13 22:00:00+00:00,156.94,SELL,WAIT,0.0,10.0,10.0,75.89466384404109,0.0,30355.75861399266
2026-08-13 22:15:00+00:00,159.2,SELL,WAIT,0.0,10.0,10.0,75.89466384404109,0.0,30355.75861399266
2026-08-13 22:30:00+00:00,156.53,SELL,WAIT,0.0,10.0,10.0,75.89466384404109,0.0,30355.75861399266
2026-08-13 22:45:00+00:00,151.33,SELL,WAIT,0.0,10.0,10.0,75.89466384404109,0.0,30355.75861399266
2026-08-13 23:00:00+00:00,143.48,WAIT,WAIT,0.0,10.0,10.0,75.89466384404109,0.0,30355.75861399266
2026-08-13 23:15:00+00:00,152.81,SELL,WAIT,0.0,10.0,10.0,75.89466384404109,0.0,30355.75861399266
2026-08-13 23:30:00+00:00,148.62,SELL,WAIT,0.0,10.0,10.0,75.89466384404109,0.0,30355.75861399266
2026-08-13 23:45:00+00:00,146.35,SELL,WAIT,0.0,10.0,10.0,75.89466384404109,0.0,30355.75861399266
2026-08-14 00:00:00+00:00,147.4,SELL,WAIT,0.0,10.0,10.0,0.0,0.0,30355.75861399266
2026-08-14 00:15:00+00:00,146.34,SELL,WAIT,0.0,10.0,10.0,0.0,0.0,30355.75861399266
2026-08-14 00:30:00+00:00,146.31,SELL,WAIT,0.0,10.0,10.0,0.0,0.0,30355.75861399266
2026-08-14 01:00:00+00:00,143.09,SELL,WAIT,0.0,10.0,10.0,0.0,0.0,30355.75861399266
2026-08-14 01:15:00+00:00,141.62,SELL,WAIT,0.0,10.0,10.0,0.0,0.0,30355.75861399266
2026-08-14 01:30:00+00:00,141.68,SELL,WAIT,0.0,10.0,10.0,0.0,0.0,30355.75861399266
2026-08-14 01:45:00+00:00,141.81,SELL,WAIT,0.0,10.0,10.0,0.0,0.0,30355.75861399266
2026-08-14 02:00:00+00:00,140.0,WAIT,WAIT,0.0,10.0,10.0,0.0,0.0,30355.75861399266
2026-08-14 02:15:00+00:00,142.55,SELL,WAIT,0.0,10.0,10.0,0.0,0.0,30355.75861399266
2026-08-14 02:30:00+00:00,145.65,SELL,WAIT,0.0,10.0,10.0,0.0,0.0,30355.75861399266
2026-08-14 02:45:00+00:00,147.43,SELL,WAIT,0.0,10.0,10.0,0.0,0.0,30355.75861399266
2026-08-14 03:00:00+00:00,145.86,SELL,WAIT,0.0,10.0,10.0,0.0,0.0,30355.75861399266
2026-08-14 03:15:00+00:00,152.23,SELL,WAIT,0.0,10.0,10.0,0.0,0.0,30355.75861399266
2026-08-14 03:30:00+00:00,157.69,SELL,WAIT,0.0,10.0,10.0,0.0,0.0,30355.75861399266
2026-08-14 03:45:00+00:00,163.01,SELL,WAIT,0.0,10.0,10.0,0.0,0.0,30355.75861399266
2026-08-14 04:00:00+00:00,168.9,SELL,WAIT,0.0,10.0,10.0,0.0,0.0,30355.75861399266
2026-08-14 04:15:00+00:00,172.48,SELL,WAIT,0.0,10.0,10.0,0.0,0.0,30355.75861399266
2026-08-14 04:30:00+00:00,173.14,SELL,WAIT,0.0,10.0,10.0,0.0,0.0,30355.75861399266
2026-08-14 04:45:00+00:00,173.32,SELL,WAIT,0.0,10.0,10.0,0.0,0.0,30355.75861399266
2026-08-14 05:00:00+00:00,178.27,SELL,WAIT,0.0,10.0,10.0,0.0,0.0,30355.75861399266
2026-08-14 05:15:00+00:00,175.01,SELL,WAIT,0.0,10.0,10.0,0.0,0.0,30355.75861399266
2026-08-14 05:30:00+00:00,168.05,SELL,WAIT,0.0,10.0,10.0,0.0,0.0,30355.75861399266
2026-08-14 05:45:00+00:00,159.0,SELL,WAIT,0.0,10.0,10.0,0.0,0.0,30355.75861399266
2026-08-14 06:00:00+00:00,159.34,SELL,WAIT,0.0,10.0,10.0,0.0,0.0,30355.75861399266
2026-08-14 06:15:00+00:00,157.41,SELL,WAIT,0.0,10.0,10.0,0.0,0.0,30355.75861399266
2026-08-14 06:30:00+00:00,145.6,SELL,WAIT,0.0,10.0,10.0,0.0,0.0,30355.75861399266
2026-08-14 06:45:00+00:00,127.13,SELL,WAIT,0.0,10.0,10.0,0.0,0.0,30355.75861399266
2026-08-14 07:00:00+00:00,154.46,SELL,WAIT,0.0,10.0,10.0,0.0,0.0,30355.75861399266
2026-08-14 07:15:00+00:00,149.98,SELL,WAIT,0.0,10.0,10.0,0.0,0.0,30355.75861399266
2026-08-14 07:30:00+00:00,135.06,SELL,WAIT,0.0,10.0,10.0,0.0,0.0,30355.75861399266
2026-08-14 07:45:00+00:00,125.59,SELL,WAIT,0.0,10.0,10.0,0.0,0.0,30355.75861399266
2026-08-14 08:00:00+00:00,144.9,SELL,WAIT,0.0,10.0,10.0,0.0,0.0,30355.75861399266
2026-08-14 08:15:00+00:00,136.16,SELL,WAIT,0.0,10.0,10.0,0.0,0.0,30355.75861399266
2026-08-14 08:30:00+00:00,113.01,SELL,WAIT,0.0,10.0,10.0,0.0,0.0,30355.75861399266
2026-08-14 08:45:00+00:00,81.65,SELL,WAIT,0.0,10.0,10.0,0.0,0.0,30355.75861399266
2026-08-14 09:00:00+00:00,99.47,SELL,WAIT,0.0,10.0,10.0,0.0,0.0,30355.75861399266
2026-08-14 09:15:00+00:00,74.37,SELL,WAIT,0.0,10.0,10.0,0.0,0.0,30355.75861399266
2026-08-14 09:30:00+00:00,59.34,SELL,WAIT,0.0,10.0,10.0,0.0,0.0,30355.75861399266
2026-08-14 09:45:00+00:00,35.74,WAIT,WAIT,0.0,10.0,10.0,0.0,0.0,30355.75861399266
2026-08-14 10:00:00+00:00,50.08,SELL,WAIT,0.0,10.0,10.0,0.0,0.0,30355.75861399266
2026-08-14 10:45:00+00:00,21.77,BUY,CHARGE,12.125,10.0,21.50278498886248,0.0,-263.96125,30091.79736399266
2026-08-14 11:00:00+00:00,25.0,BUY,CHARGE,12.125,21.50278498886248,33.00556997772496,0.0,-303.125,29788.67236399266
2026-08-14 11:15:00+00:00,22.62,BUY,CHARGE,12.125,33.00556997772496,44.50835496658744,0.0,-274.2675,29514.40486399266
2026-08-14 11:45:00+00:00,19.13,BUY,CHARGE,12.125,44.50835496658744,56.01113995544992,0.0,-231.95125,29282.45361399266
2026-08-14 12:00:00+00:00,15.2,BUY,CHARGE,12.125,56.01113995544992,67.51392494431241,0.0,-184.29999999999998,29098.15361399266
2026-08-14 12:15:00+00:00,18.04,BUY,CHARGE,12.125,67.51392494431241,79.0167099331749,0.0,-218.73499999999999,28879.41861399266
2026-08-14 12:30:00+00:00,20.0,BUY,CHARGE,11.577404271156766,79.0167099331749,90.0,0.0,-231.54808542313532,28647.870528569525
2026-08-14 12:45:00+00:00,42.78,BUY,WAIT,0.0,90.0,90.0,0.0,0.0,28647.870528569525
2026-08-14 13:15:00+00:00,54.73,BUY,WAIT,0.0,90.0,90.0,0.0,0.0,28647.870528569525
2026-08-14 13:30:00+00:00,80.0,BUY,WAIT,0.0,90.0,90.0,0.0,0.0,28647.870528569525
2026-08-14 13:45:00+00:00,101.51,BUY,WAIT,0.0,90.0,90.0,0.0,0.0,28647.870528569525
2026-08-14 14:00:00+00:00,87.0,BUY,WAIT,0.0,90.0,90.0,0.0,0.0,28647.870528569525
2026-08-14 14:15:00+00:00,108.58,BUY,WAIT,0.0,90.0,90.0,0.0,0.0,28647.870528569525
2026-08-14 14:30:00+00:00,124.96,BUY,WAIT,0.0,90.0,90.0,0.0,0.0,28647.870528569525
2026-08-14 14:45:00+00:00,144.74,BUY,WAIT,0.0,90.0,90.0,0.0,0.0,28647.870528569525
2026-08-14 15:00:00+00:00,124.21,BUY,WAIT,0.0,90.0,90.0,0.0,0.0,28647.870528569525
2026-08-14 15:15:00+00:00,136.78,BUY,WAIT,0.0,90.0,90.0,0.0,0.0,28647.870528569525
2026-08-14 15:30:00+00:00,147.72,BUY,WAIT,0.0,90.0,90.0,0.0,0.0,28647.870528569525
2026-08-14 15:45:00+00:00,165.91,BUY,WAIT,0.0,90.0,90.0,0.0,0.0,28647.870528569525
2026-08-14 16:00:00+00:00,149.99,BUY,WAIT,0.0,90.0,90.0,0.0,0.0,28647.870528569525
2026-08-14 16:15:00+00:00,172.96,BUY,WAIT,0.0,90.0,90.0,0.0,0.0,28647.870528569525
2026-08-14 16:30:00+00:00,186.11,BUY,WAIT,0.0,90.0,90.0,0.0,0.0,28647.870528569525
2026-08-14 16:45:00+00:00,210.92,BUY,WAIT,0.0,90.0,90.0,0.0,0.0,28647.870528569525
2026-08-14 17:00:00+00:00,199.1,BUY,WAIT,0.0,90.0,90.0,0.0,0.0,28647.870528569525
2026-08-14 17:15:00+00:00,225.19,WAIT,WAIT,0.0,90.0,90.0,0.0,0.0,28647.870528569525
2026-08-14 17:30:00+00:00,258.82,SELL,DISCHARGE,12.125,90.0,77.2191277901528,12.125,3138.1925,31786.063028569526
2026-08-14 17:45:00+00:00,301.9,SELL,DISCHARGE,12.125,77.2191277901528,64.4382555803056,24.25,3660.5375,35446.60052856953
2026-08-14 18:00:00+00:00,271.5,SELL,DISCHARGE,12.125,64.4382555803056,51.65738337045839,36.375,3291.9375,38738.53802856953
2026-08-14 18:15:00+00:00,270.54,SELL,DISCHARGE,12.125,51.65738337045839,38.87651116061119,48.5,3280.2975,42018.83552856953
2026-08-14 18:30:00+00:00,259.13,SELL,DISCHARGE,12.125,38.87651116061119,26.095638950763988,60.625,3141.95125,45160.78677856953
2026-08-14 18:45:00+00:00,249.99,SELL,DISCHARGE,12.125,26.095638950763988,13.314766740916788,72.75,3031.1287500000003,48191.91552856953
2026-08-14 19:00:00+00:00,252.5,SELL,DISCHARGE,3.1446638440410912,13.314766740916788,10.0,75.89466384404109,794.0276206203755,48985.94314918991
2026-08-14 19:15:00+00:00,234.83,SELL,WAIT,0.0,10.0,10.0,75.89466384404109,0.0,48985.94314918991
2026-08-14 19:30:00+00:00,229.0,SELL,WAIT,0.0,10.0,10.0,75.89466384404109,0.0,48985.94314918991
2026-08-14 19:45:00+00:00,209.95,SELL,WAIT,0.0,10.0,10.0,75.89466384404109,0.0,48985.94314918991
2026-08-14 20:00:00+00:00,212.33,SELL,WAIT,0.0,10.0,10.0,75.89466384404109,0.0,48985.94314918991
2026-08-14 20:15:00+00:00,198.29,SELL,WAIT,0.0,10.0,10.0,75.89466384404109,0.0,48985.94314918991
2026-08-14 20:30:00+00:00,194.0,SELL,WAIT,0.0,10.0,10.0,75.89466384404109,0.0,48985.94314918991
2026-08-14 20:45:00+00:00,187.38,SELL,WAIT,0.0,10.0,10.0,75.89466384404109,0.0,48985.94314918991
2026-08-14 21:00:00+00:00,186.06,SELL,WAIT,0.0,10.0,10.0,75.89466384404109,0.0,48985.94314918991
2026-08-14 21:15:00+00:00,182.02,SELL,WAIT,0.0,10.0,10.0,75.89466384404109,0.0,48985.94314918991
2026-08-14 21:30:00+00:00,175.0,SELL,WAIT,0.0,10.0,10.0,75.89466384404109,0.0,48985.94314918991
2026-08-14 21:45:00+00:00,166.99,SELL,WAIT,0.0,10.0,10.0,75.89466384404109,0.0,48985.94314918991
2026-08-14 22:00:00+00:00,177.73,SELL,WAIT,0.0,10.0,10.0,75.89466384404109,0.0,48985.94314918991
2026-08-14 22:15:00+00:00,170.01,SELL,WAIT,0.0,10.0,10.0,75.89466384404109,0.0,48985.94314918991
2026-08-14 22:30:00+00:00,168.58,SELL,WAIT,0.0,10.0,10.0,75.89466384404109,0.0,48985.94314918991
2026-08-14 22:45:00+00:00,161.47,SELL,WAIT,0.0,10.0,10.0,75.89466384404109,0.0,48985.94314918991
2026-08-14 23:00:00+00:00,170.01,SELL,WAIT,0.0,10.0,10.0,75.89466384404109,0.0,48985.94314918991
2026-08-14 23:15:00+00:00,161.32,SELL,WAIT,0.0,10.0,10.0,75.89466384404109,0.0,48985.94314918991
2026-08-14 23:30:00+00:00,161.49,SELL,WAIT,0.0,10.0,10.0,75.89466384404109,0.0,48985.94314918991
2026-08-14 23:45:00+00:00,156.77,SELL,WAIT,0.0,10.0,10.0,75.89466384404109,0.0,48985.94314918991
2026-08-15 00:00:00+00:00,158.96,SELL,WAIT,0.0,10.0,10.0,0.0,0.0,48985.94314918991
2026-08-15 00:15:00+00:00,157.64,SELL,WAIT,0.0,10.0,10.0,0.0,0.0,48985.94314918991
2026-08-15 00:30:00+00:00,156.73,SELL,WAIT,0.0,10.0,10.0,0.0,0.0,48985.94314918991
2026-08-15 00:45:00+00:00,154.28,SELL,WAIT,0.0,10.0,10.0,0.0,0.0,48985.94314918991
2026-08-15 01:00:00+00:00,156.79,SELL,WAIT,0.0,10.0,10.0,0.0,0.0,48985.94314918991
2026-08-15 01:15:00+00:00,157.63,SELL,WAIT,0.0,10.0,10.0,0.0,0.0,48985.94314918991
2026-08-15 01:30:00+00:00,156.77,SELL,WAIT,0.0,10.0,10.0,0.0,0.0,48985.94314918991
2026-08-15 01:45:00+00:00,156.56,SELL,WAIT,0.0,10.0,10.0,0.0,0.0,48985.94314918991
2026-08-15 02:00:00+00:00,155.37,SELL,WAIT,0.0,10.0,10.0,0.0,0.0,48985.94314918991
2026-08-15 02:15:00+00:00,154.18,SELL,WAIT,0.0,10.0,10.0,0.0,0.0,48985.94314918991
2026-08-15 02:30:00+00:00,154.37,SELL,WAIT,0.0,10.0,10.0,0.0,0.0,48985.94314918991
2026-08-15 02:45:00+00:00,154.14,SELL,WAIT,0.0,10.0,10.0,0.0,0.0,48985.94314918991
2026-08-15 03:00:00+00:00,149.49,SELL,WAIT,0.0,10.0,10.0,0.0,0.0,48985.94314918991
2026-08-15 03:15:00+00:00,150.4,SELL,WAIT,0.0,10.0,10.0,0.0,0.0,48985.94314918991
2026-08-15 03:30:00+00:00,155.12,SELL,WAIT,0.0,10.0,10.0,0.0,0.0,48985.94314918991
2026-08-15 03:45:00+00:00,160.36,SELL,WAIT,0.0,10.0,10.0,0.0,0.0,48985.94314918991
2026-08-15 04:00:00+00:00,164.51,SELL,WAIT,0.0,10.0,10.0,0.0,0.0,48985.94314918991
2026-08-15 04:15:00+00:00,162.85,SELL,WAIT,0.0,10.0,10.0,0.0,0.0,48985.94314918991
2026-08-15 04:30:00+00:00,155.59,SELL,WAIT,0.0,10.0,10.0,0.0,0.0,48985.94314918991
2026-08-15 04:45:00+00:00,144.98,SELL,WAIT,0.0,10.0,10.0,0.0,0.0,48985.94314918991
2026-08-15 05:00:00+00:00,170.91,SELL,WAIT,0.0,10.0,10.0,0.0,0.0,48985.94314918991
2026-08-15 05:15:00+00:00,161.14,SELL,WAIT,0.0,10.0,10.0,0.0,0.0,48985.94314918991
2026-08-15 05:30:00+00:00,147.83,SELL,WAIT,0.0,10.0,10.0,0.0,0.0,48985.94314918991
2026-08-15 05:45:00+00:00,137.37,SELL,WAIT,0.0,10.0,10.0,0.0,0.0,48985.94314918991
2026-08-15 06:00:00+00:00,163.9,SELL,WAIT,0.0,10.0,10.0,0.0,0.0,48985.94314918991
2026-08-15 06:15:00+00:00,155.99,SELL,WAIT,0.0,10.0,10.0,0.0,0.0,48985.94314918991
2026-08-15 06:30:00+00:00,146.05,SELL,WAIT,0.0,10.0,10.0,0.0,0.0,48985.94314918991
2026-08-15 06:45:00+00:00,133.17,SELL,WAIT,0.0,10.0,10.0,0.0,0.0,48985.94314918991
2026-08-15 07:00:00+00:00,143.65,SELL,WAIT,0.0,10.0,10.0,0.0,0.0,48985.94314918991
2026-08-15 07:15:00+00:00,129.34,SELL,WAIT,0.0,10.0,10.0,0.0,0.0,48985.94314918991
2026-08-15 07:30:00+00:00,113.86,SELL,WAIT,0.0,10.0,10.0,0.0,0.0,48985.94314918991
2026-08-15 07:45:00+00:00,105.28,SELL,WAIT,0.0,10.0,10.0,0.0,0.0,48985.94314918991
2026-08-15 08:00:00+00:00,118.64,SELL,WAIT,0.0,10.0,10.0,0.0,0.0,48985.94314918991
2026-08-15 08:15:00+00:00,85.72,SELL,WAIT,0.0,10.0,10.0,0.0,0.0,48985.94314918991
2026-08-15 08:30:00+00:00,53.95,WAIT,WAIT,0.0,10.0,10.0,0.0,0.0,48985.94314918991
2026-08-15 08:45:00+00:00,36.81,BUY,CHARGE,12.125,10.0,21.50278498886248,0.0,-446.32125,48539.62189918991
2026-08-15 09:00:00+00:00,40.77,WAIT,WAIT,0.0,21.50278498886248,21.50278498886248,0.0,0.0,48539.62189918991
2026-08-15 09:15:00+00:00,31.16,BUY,CHARGE,12.125,21.50278498886248,33.00556997772496,0.0,-377.815,48161.806899189905
2026-08-15 09:30:00+00:00,20.99,WAIT,WAIT,0.0,33.00556997772496,33.00556997772496,0.0,0.0,48161.806899189905
2026-08-15 09:45:00+00:00,24.4,WAIT,WAIT,0.0,33.00556997772496,33.00556997772496,0.0,0.0,48161.806899189905
2026-08-15 10:00:00+00:00,25.21,WAIT,WAIT,0.0,33.00556997772496,33.00556997772496,0.0,0.0,48161.806899189905
2026-08-15 10:15:00+00:00,12.6,BUY,CHARGE,12.125,33.00556997772496,44.50835496658744,0.0,-152.775,48009.031899189904
2026-08-15 10:30:00+00:00,9.97,BUY,CHARGE,12.125,44.50835496658744,56.01113995544992,0.0,-120.88625,47888.1456491899
2026-08-15 10:45:00+00:00,7.61,BUY,CHARGE,12.125,56.01113995544992,67.51392494431241,0.0,-92.27125000000001,47795.8743991899
2026-08-15 11:00:00+00:00,8.54,BUY,CHARGE,12.125,67.51392494431241,79.0167099331749,0.0,-103.54749999999999,47692.3268991899
2026-08-15 11:15:00+00:00,7.74,BUY,CHARGE,11.577404271156766,79.0167099331749,90.0,0.0,-89.60910905875338,47602.71779013115
2026-08-15 11:30:00+00:00,4.19,BUY,WAIT,0.0,90.0,90.0,0.0,0.0,47602.71779013115
2026-08-15 11:45:00+00:00,3.73,BUY,WAIT,0.0,90.0,90.0,0.0,0.0,47602.71779013115
2026-08-15 12:00:00+00:00,6.9,BUY,WAIT,0.0,90.0,90.0,0.0,0.0,47602.71779013115
2026-08-15 12:15:00+00:00,4.82,BUY,WAIT,0.0,90.0,90.0,0.0,0.0,47602.71779013115
2026-08-15 12:30:00+00:00,5.23,BUY,WAIT,0.0,90.0,90.0,0.0,0.0,47602.71779013115
2026-08-15 12:45:00+00:00,7.96,BUY,WAIT,0.0,90.0,90.0,0.0,0.0,47602.71779013115
2026-08-15 13:00:00+00:00,7.66,BUY,WAIT,0.0,90.0,90.0,0.0,0.0,47602.71779013115
2026-08-15 13:15:00+00:00,9.97,BUY,WAIT,0.0,90.0,90.0,0.0,0.0,47602.71779013115
2026-08-15 13:30:00+00:00,16.08,BUY,WAIT,0.0,90.0,90.0,0.0,0.0,47602.71779013115
2026-08-15 13:45:00+00:00,26.68,BUY,WAIT,0.0,90.0,90.0,0.0,0.0,47602.71779013115
2026-08-15 14:00:00+00:00,22.35,BUY,WAIT,0.0,90.0,90.0,0.0,0.0,47602.71779013115
2026-08-15 14:15:00+00:00,40.78,BUY,WAIT,0.0,90.0,90.0,0.0,0.0,47602.71779013115
2026-08-15 14:30:00+00:00,92.29,BUY,WAIT,0.0,90.0,90.0,0.0,0.0,47602.71779013115
2026-08-15 14:45:00+00:00,118.93,BUY,WAIT,0.0,90.0,90.0,0.0,0.0,47602.71779013115
2026-08-15 15:00:00+00:00,94.58,BUY,WAIT,0.0,90.0,90.0,0.0,0.0,47602.71779013115
2026-08-15 15:15:00+00:00,113.44,BUY,WAIT,0.0,90.0,90.0,0.0,0.0,47602.71779013115
2026-08-15 15:30:00+00:00,146.31,BUY,WAIT,0.0,90.0,90.0,0.0,0.0,47602.71779013115
2026-08-15 15:45:00+00:00,168.22,BUY,WAIT,0.0,90.0,90.0,0.0,0.0,47602.71779013115
2026-08-15 16:00:00+00:00,149.73,BUY,WAIT,0.0,90.0,90.0,0.0,0.0,47602.71779013115
2026-08-15 16:15:00+00:00,160.78,BUY,WAIT,0.0,90.0,90.0,0.0,0.0,47602.71779013115
2026-08-15 16:30:00+00:00,175.63,BUY,WAIT,0.0,90.0,90.0,0.0,0.0,47602.71779013115
2026-08-15 16:45:00+00:00,175.26,BUY,WAIT,0.0,90.0,90.0,0.0,0.0,47602.71779013115
2026-08-15 17:00:00+00:00,163.07,BUY,WAIT,0.0,90.0,90.0,0.0,0.0,47602.71779013115
2026-08-15 17:15:00+00:00,172.06,BUY,WAIT,0.0,90.0,90.0,0.0,0.0,47602.71779013115
2026-08-15 17:30:00+00:00,185.75,WAIT,WAIT,0.0,90.0,90.0,0.0,0.0,47602.71779013115
2026-08-15 17:45:00+00:00,199.1,SELL,DISCHARGE,12.125,90.0,77.2191277901528,12.125,2414.0875,50016.80529013115
2026-08-15 18:00:00+00:00,173.38,WAIT,WAIT,0.0,77.2191277901528,77.2191277901528,12.125,0.0,50016.80529013115
2026-08-15 18:15:00+00:00,182.92,SELL,DISCHARGE,12.125,77.2191277901528,64.4382555803056,24.25,2217.9049999999997,52234.71029013115
2026-08-15 18:30:00+00:00,189.49,SELL,DISCHARGE,12.125,64.4382555803056,51.65738337045839,36.375,2297.5662500000003,54532.276540131155
2026-08-15 18:45:00+00:00,194.17,SELL,DISCHARGE,12.125,51.65738337045839,38.87651116061119,48.5,2354.3112499999997,56886.587790131154
2026-08-15 19:00:00+00:00,190.79,SELL,DISCHARGE,12.125,38.87651116061119,26.095638950763988,60.625,2313.32875,59199.916540131155
2026-08-15 19:15:00+00:00,186.25,SELL,DISCHARGE,12.125,26.095638950763988,13.314766740916788,72.75,2258.28125,61458.197790131155
2026-08-15 19:30:00+00:00,179.59,SELL,DISCHARGE,3.1446638440410912,13.314766740916788,10.0,75.89466384404109,564.7501797513396,62022.947969882494
2026-08-15 19:45:00+00:00,176.74,SELL,WAIT,0.0,10.0,10.0,75.89466384404109,0.0,62022.947969882494
2026-08-15 20:00:00+00:00,189.45,SELL,WAIT,0.0,10.0,10.0,75.89466384404109,0.0,62022.947969882494
2026-08-15 20:15:00+00:00,179.87,SELL,WAIT,0.0,10.0,10.0,75.89466384404109,0.0,62022.947969882494
2026-08-15 20:30:00+00:00,178.01,SELL,WAIT,0.0,10.0,10.0,75.89466384404109,0.0,62022.947969882494
2026-08-15 20:45:00+00:00,171.04,SELL,WAIT,0.0,10.0,10.0,75.89466384404109,0.0,62022.947969882494
2026-08-15 21:00:00+00:00,186.99,SELL,WAIT,0.0,10.0,10.0,75.89466384404109,0.0,62022.947969882494
2026-08-15 21:15:00+00:00,170.41,SELL,WAIT,0.0,10.0,10.0,75.89466384404109,0.0,62022.947969882494
2026-08-15 21:30:00+00:00,173.52,SELL,WAIT,0.0,10.0,10.0,75.89466384404109,0.0,62022.947969882494
2026-08-15 21:45:00+00:00,165.04,SELL,WAIT,0.0,10.0,10.0,75.89466384404109,0.0,62022.947969882494
2026-08-15 22:00:00+00:00,188.25,SELL,WAIT,0.0,10.0,10.0,75.89466384404109,0.0,62022.947969882494
2026-08-15 22:15:00+00:00,175.26,SELL,WAIT,0.0,10.0,10.0,75.89466384404109,0.0,62022.947969882494
2026-08-15 22:30:00+00:00,168.8,SELL,WAIT,0.0,10.0,10.0,75.89466384404109,0.0,62022.947969882494
2026-08-15 22:45:00+00:00,164.94,SELL,WAIT,0.0,10.0,10.0,75.89466384404109,0.0,62022.947969882494
2026-08-15 23:00:00+00:00,180.07,SELL,WAIT,0.0,10.0,10.0,75.89466384404109,0.0,62022.947969882494
2026-08-15 23:15:00+00:00,172.2,SELL,WAIT,0.0,10.0,10.0,75.89466384404109,0.0,62022.947969882494
2026-08-15 23:30:00+00:00,164.94,SELL,WAIT,0.0,10.0,10.0,75.89466384404109,0.0,62022.947969882494
2026-08-15 23:45:00+00:00,157.14,SELL,WAIT,0.0,10.0,10.0,75.89466384404109,0.0,62022.947969882494
2026-08-16 00:00:00+00:00,163.0,SELL,WAIT,0.0,10.0,10.0,0.0,0.0,62022.947969882494
2026-08-16 00:15:00+00:00,172.43,SELL,WAIT,0.0,10.0,10.0,0.0,0.0,62022.947969882494
2026-08-16 00:30:00+00:00,167.97,SELL,WAIT,0.0,10.0,10.0,0.0,0.0,62022.947969882494
2026-08-16 00:45:00+00:00,157.92,SELL,WAIT,0.0,10.0,10.0,0.0,0.0,62022.947969882494
2026-08-16 01:00:00+00:00,160.34,SELL,WAIT,0.0,10.0,10.0,0.0,0.0,62022.947969882494
2026-08-16 01:15:00+00:00,157.45,SELL,WAIT,0.0,10.0,10.0,0.0,0.0,62022.947969882494
2026-08-16 01:30:00+00:00,156.85,SELL,WAIT,0.0,10.0,10.0,0.0,0.0,62022.947969882494
2026-08-16 01:45:00+00:00,155.5,SELL,WAIT,0.0,10.0,10.0,0.0,0.0,62022.947969882494
2026-08-16 02:00:00+00:00,158.41,SELL,WAIT,0.0,10.0,10.0,0.0,0.0,62022.947969882494
2026-08-16 02:15:00+00:00,155.77,SELL,WAIT,0.0,10.0,10.0,0.0,0.0,62022.947969882494
2026-08-16 02:30:00+00:00,156.45,SELL,WAIT,0.0,10.0,10.0,0.0,0.0,62022.947969882494
2026-08-16 02:45:00+00:00,156.97,SELL,WAIT,0.0,10.0,10.0,0.0,0.0,62022.947969882494
2026-08-16 03:00:00+00:00,151.91,SELL,WAIT,0.0,10.0,10.0,0.0,0.0,62022.947969882494
2026-08-16 03:15:00+00:00,154.76,SELL,WAIT,0.0,10.0,10.0,0.0,0.0,62022.947969882494
2026-08-16 03:30:00+00:00,160.0,SELL,WAIT,0.0,10.0,10.0,0.0,0.0,62022.947969882494
2026-08-16 03:45:00+00:00,161.11,SELL,WAIT,0.0,10.0,10.0,0.0,0.0,62022.947969882494
2026-08-16 04:00:00+00:00,161.2,SELL,WAIT,0.0,10.0,10.0,0.0,0.0,62022.947969882494
2026-08-16 04:15:00+00:00,160.0,SELL,WAIT,0.0,10.0,10.0,0.0,0.0,62022.947969882494
2026-08-16 04:30:00+00:00,153.58,SELL,WAIT,0.0,10.0,10.0,0.0,0.0,62022.947969882494
2026-08-16 04:45:00+00:00,151.62,SELL,WAIT,0.0,10.0,10.0,0.0,0.0,62022.947969882494
2026-08-16 05:00:00+00:00,160.0,SELL,WAIT,0.0,10.0,10.0,0.0,0.0,62022.947969882494
2026-08-16 05:15:00+00:00,154.6,SELL,WAIT,0.0,10.0,10.0,0.0,0.0,62022.947969882494
2026-08-16 05:30:00+00:00,147.33,SELL,WAIT,0.0,10.0,10.0,0.0,0.0,62022.947969882494
2026-08-16 05:45:00+00:00,139.55,SELL,WAIT,0.0,10.0,10.0,0.0,0.0,62022.947969882494
2026-08-16 06:00:00+00:00,170.45,SELL,WAIT,0.0,10.0,10.0,0.0,0.0,62022.947969882494
2026-08-16 06:15:00+00:00,154.5,SELL,WAIT,0.0,10.0,10.0,0.0,0.0,62022.947969882494
2026-08-16 06:30:00+00:00,139.91,SELL,WAIT,0.0,10.0,10.0,0.0,0.0,62022.947969882494
2026-08-16 06:45:00+00:00,121.87,SELL,WAIT,0.0,10.0,10.0,0.0,0.0,62022.947969882494
2026-08-16 07:00:00+00:00,148.0,SELL,WAIT,0.0,10.0,10.0,0.0,0.0,62022.947969882494
2026-08-16 07:15:00+00:00,126.04,SELL,WAIT,0.0,10.0,10.0,0.0,0.0,62022.947969882494
2026-08-16 07:30:00+00:00,115.44,SELL,WAIT,0.0,10.0,10.0,0.0,0.0,62022.947969882494
2026-08-16 07:45:00+00:00,109.74,SELL,WAIT,0.0,10.0,10.0,0.0,0.0,62022.947969882494
2026-08-16 08:00:00+00:00,115.16,SELL,WAIT,0.0,10.0,10.0,0.0,0.0,62022.947969882494
2026-08-16 08:15:00+00:00,107.57,SELL,WAIT,0.0,10.0,10.0,0.0,0.0,62022.947969882494
2026-08-16 08:30:00+00:00,83.87,SELL,WAIT,0.0,10.0,10.0,0.0,0.0,62022.947969882494
2026-08-16 09:00:00+00:00,74.9,SELL,WAIT,0.0,10.0,10.0,0.0,0.0,62022.947969882494
2026-08-16 09:15:00+00:00,58.79,SELL,WAIT,0.0,10.0,10.0,0.0,0.0,62022.947969882494
2026-08-16 09:30:00+00:00,59.32,SELL,WAIT,0.0,10.0,10.0,0.0,0.0,62022.947969882494
2026-08-16 09:45:00+00:00,51.91,WAIT,WAIT,0.0,10.0,10.0,0.0,0.0,62022.947969882494
2026-08-16 10:00:00+00:00,56.02,SELL,WAIT,0.0,10.0,10.0,0.0,0.0,62022.947969882494
2026-08-16 10:15:00+00:00,55.22,WAIT,WAIT,0.0,10.0,10.0,0.0,0.0,62022.947969882494
2026-08-16 10:30:00+00:00,39.99,BUY,CHARGE,12.125,10.0,21.50278498886248,0.0,-484.87875,61538.06921988249
2026-08-16 10:45:00+00:00,22.89,BUY,CHARGE,12.125,21.50278498886248,33.00556997772496,0.0,-277.54125,61260.52796988249
2026-08-16 11:00:00+00:00,31.04,BUY,CHARGE,12.125,33.00556997772496,44.50835496658744,0.0,-376.36,60884.16796988249
2026-08-16 12:00:00+00:00,25.29,BUY,CHARGE,12.125,44.50835496658744,56.01113995544992,0.0,-306.64125,60577.52671988249
2026-08-16 12:15:00+00:00,29.99,BUY,CHARGE,12.125,56.01113995544992,67.51392494431241,0.0,-363.62874999999997,60213.897969882484
2026-08-16 12:30:00+00:00,39.9,BUY,CHARGE,12.125,67.51392494431241,79.0167099331749,0.0,-483.78749999999997,59730.110469882486
2026-08-16 12:45:00+00:00,51.05,BUY,CHARGE,11.577404271156766,79.0167099331749,90.0,0.0,-591.0264880425528,59139.08398183993
2026-08-16 13:00:00+00:00,48.3,BUY,WAIT,0.0,90.0,90.0,0.0,0.0,59139.08398183993
2026-08-16 13:15:00+00:00,63.63,BUY,WAIT,0.0,90.0,90.0,0.0,0.0,59139.08398183993
2026-08-16 14:30:00+00:00,117.97,BUY,WAIT,0.0,90.0,90.0,0.0,0.0,59139.08398183993
2026-08-16 14:45:00+00:00,146.27,BUY,WAIT,0.0,90.0,90.0,0.0,0.0,59139.08398183993
2026-08-16 15:00:00+00:00,118.12,BUY,WAIT,0.0,90.0,90.0,0.0,0.0,59139.08398183993
2026-08-16 15:15:00+00:00,133.05,BUY,WAIT,0.0,90.0,90.0,0.0,0.0,59139.08398183993
2026-08-16 15:30:00+00:00,155.13,BUY,WAIT,0.0,90.0,90.0,0.0,0.0,59139.08398183993
2026-08-16 15:45:00+00:00,175.0,BUY,WAIT,0.0,90.0,90.0,0.0,0.0,59139.08398183993
2026-08-16 16:00:00+00:00,155.0,BUY,WAIT,0.0,90.0,90.0,0.0,0.0,59139.08398183993
2026-08-16 16:15:00+00:00,161.65,BUY,WAIT,0.0,90.0,90.0,0.0,0.0,59139.08398183993
2026-08-16 16:30:00+00:00,175.18,BUY,WAIT,0.0,90.0,90.0,0.0,0.0,59139.08398183993
2026-08-16 16:45:00+00:00,186.24,WAIT,WAIT,0.0,90.0,90.0,0.0,0.0,59139.08398183993
2026-08-16 17:00:00+00:00,172.2,BUY,WAIT,0.0,90.0,90.0,0.0,0.0,59139.08398183993
2026-08-16 17:15:00+00:00,181.6,WAIT,WAIT,0.0,90.0,90.0,0.0,0.0,59139.08398183993
2026-08-16 17:30:00+00:00,194.17,SELL,DISCHARGE,12.125,90.0,77.2191277901528,12.125,2354.3112499999997,61493.39523183993
2026-08-16 17:45:00+00:00,203.91,SELL,DISCHARGE,12.125,77.2191277901528,64.4382555803056,24.25,2472.40875,63965.803981839934
2026-08-16 18:00:00+00:00,188.0,SELL,DISCHARGE,12.125,64.4382555803056,51.65738337045839,36.375,2279.5,66245.30398183994
2026-08-16 18:15:00+00:00,197.99,SELL,DISCHARGE,12.125,51.65738337045839,38.87651116061119,48.5,2400.6287500000003,68645.93273183994
2026-08-16 18:30:00+00:00,202.8,SELL,DISCHARGE,12.125,38.87651116061119,26.095638950763988,60.625,2458.9500000000003,71104.88273183994
2026-08-16 18:45:00+00:00,211.28,SELL,DISCHARGE,12.125,26.095638950763988,13.314766740916788,72.75,2561.77,73666.65273183995
2026-08-16 19:00:00+00:00,212.4,SELL,DISCHARGE,3.1446638440410912,13.314766740916788,10.0,75.89466384404109,667.9266004743278,74334.57933231427
2026-08-16 19:15:00+00:00,208.21,SELL,WAIT,0.0,10.0,10.0,75.89466384404109,0.0,74334.57933231427
2026-08-16 19:30:00+00:00,202.99,SELL,WAIT,0.0,10.0,10.0,75.89466384404109,0.0,74334.57933231427
2026-08-16 19:45:00+00:00,199.1,SELL,WAIT,0.0,10.0,10.0,75.89466384404109,0.0,74334.57933231427
2026-08-16 20:00:00+00:00,215.04,SELL,WAIT,0.0,10.0,10.0,75.89466384404109,0.0,74334.57933231427
2026-08-16 20:15:00+00:00,210.95,SELL,WAIT,0.0,10.0,10.0,75.89466384404109,0.0,74334.57933231427
2026-08-16 20:30:00+00:00,202.8,SELL,WAIT,0.0,10.0,10.0,75.89466384404109,0.0,74334.57933231427
2026-08-16 20:45:00+00:00,197.35,SELL,WAIT,0.0,10.0,10.0,75.89466384404109,0.0,74334.57933231427
2026-08-16 21:00:00+00:00,203.55,SELL,WAIT,0.0,10.0,10.0,75.89466384404109,0.0,74334.57933231427
2026-08-16 21:15:00+00:00,194.0,SELL,WAIT,0.0,10.0,10.0,75.89466384404109,0.0,74334.57933231427
2026-08-16 21:30:00+00:00,188.27,SELL,WAIT,0.0,10.0,10.0,75.89466384404109,0.0,74334.57933231427
2026-08-16 21:45:00+00:00,184.77,SELL,WAIT,0.0,10.0,10.0,75.89466384404109,0.0,74334.57933231427
2026-08-16 22:00:00+00:00,205.0,SELL,WAIT,0.0,10.0,10.0,75.89466384404109,0.0,74334.57933231427
2026-08-16 22:15:00+00:00,196.0,SELL,WAIT,0.0,10.0,10.0,75.89466384404109,0.0,74334.57933231427
2026-08-16 22:30:00+00:00,188.7,SELL,WAIT,0.0,10.0,10.0,75.89466384404109,0.0,74334.57933231427
2026-08-16 22:45:00+00:00,178.81,SELL,WAIT,0.0,10.0,10.0,75.89466384404109,0.0,74334.57933231427
2026-08-16 23:00:00+00:00,187.15,SELL,WAIT,0.0,10.0,10.0,75.89466384404109,0.0,74334.57933231427
2026-08-16 23:15:00+00:00,181.54,SELL,WAIT,0.0,10.0,10.0,75.89466384404109,0.0,74334.57933231427
2026-08-16 23:30:00+00:00,178.54,SELL,WAIT,0.0,10.0,10.0,75.89466384404109,0.0,74334.57933231427
2026-08-16 23:45:00+00:00,168.01,SELL,WAIT,0.0,10.0,10.0,75.89466384404109,0.0,74334.57933231427
2026-08-17 00:00:00+00:00,172.39,SELL,WAIT,0.0,10.0,10.0,0.0,0.0,74334.57933231427
2026-08-17 00:15:00+00:00,164.41,SELL,WAIT,0.0,10.0,10.0,0.0,0.0,74334.57933231427
2026-08-17 00:30:00+00:00,160.15,SELL,WAIT,0.0,10.0,10.0,0.0,0.0,74334.57933231427
2026-08-17 00:45:00+00:00,158.65,SELL,WAIT,0.0,10.0,10.0,0.0,0.0,74334.57933231427
2026-08-17 01:00:00+00:00,162.09,SELL,WAIT,0.0,10.0,10.0,0.0,0.0,74334.57933231427
2026-08-17 01:15:00+00:00,160.72,SELL,WAIT,0.0,10.0,10.0,0.0,0.0,74334.57933231427
2026-08-17 01:30:00+00:00,158.25,SELL,WAIT,0.0,10.0,10.0,0.0,0.0,74334.57933231427
2026-08-17 01:45:00+00:00,160.06,SELL,WAIT,0.0,10.0,10.0,0.0,0.0,74334.57933231427
2026-08-17 02:00:00+00:00,157.74,SELL,WAIT,0.0,10.0,10.0,0.0,0.0,74334.57933231427
2026-08-17 02:15:00+00:00,155.25,SELL,WAIT,0.0,10.0,10.0,0.0,0.0,74334.57933231427
2026-08-17 02:30:00+00:00,159.29,SELL,WAIT,0.0,10.0,10.0,0.0,0.0,74334.57933231427
2026-08-17 02:45:00+00:00,164.0,SELL,WAIT,0.0,10.0,10.0,0.0,0.0,74334.57933231427
2026-08-17 03:00:00+00:00,162.9,SELL,WAIT,0.0,10.0,10.0,0.0,0.0,74334.57933231427
2026-08-17 03:15:00+00:00,169.13,SELL,WAIT,0.0,10.0,10.0,0.0,0.0,74334.57933231427
2026-08-17 03:30:00+00:00,177.7,SELL,WAIT,0.0,10.0,10.0,0.0,0.0,74334.57933231427
2026-08-17 03:45:00+00:00,190.14,SELL,WAIT,0.0,10.0,10.0,0.0,0.0,74334.57933231427
2026-08-17 04:00:00+00:00,192.62,SELL,WAIT,0.0,10.0,10.0,0.0,0.0,74334.57933231427
2026-08-17 04:15:00+00:00,197.5,SELL,WAIT,0.0,10.0,10.0,0.0,0.0,74334.57933231427
2026-08-17 04:30:00+00:00,198.5,SELL,WAIT,0.0,10.0,10.0,0.0,0.0,74334.57933231427
2026-08-17 04:45:00+00:00,200.98,SELL,WAIT,0.0,10.0,10.0,0.0,0.0,74334.57933231427
2026-08-17 05:00:00+00:00,207.0,SELL,WAIT,0.0,10.0,10.0,0.0,0.0,74334.57933231427
2026-08-17 05:15:00+00:00,208.9,SELL,WAIT,0.0,10.0,10.0,0.0,0.0,74334.57933231427
2026-08-17 05:30:00+00:00,205.0,SELL,WAIT,0.0,10.0,10.0,0.0,0.0,74334.57933231427
2026-08-17 05:45:00+00:00,199.7,SELL,WAIT,0.0,10.0,10.0,0.0,0.0,74334.57933231427
2026-08-17 06:00:00+00:00,212.08,SELL,WAIT,0.0,10.0,10.0,0.0,0.0,74334.57933231427
2026-08-17 06:15:00+00:00,208.46,SELL,WAIT,0.0,10.0,10.0,0.0,0.0,74334.57933231427
2026-08-17 06:30:00+00:00,213.21,SELL,WAIT,0.0,10.0,10.0,0.0,0.0,74334.57933231427
2026-08-17 06:45:00+00:00,201.59,SELL,WAIT,0.0,10.0,10.0,0.0,0.0,74334.57933231427
2026-08-17 07:00:00+00:00,212.47,SELL,WAIT,0.0,10.0,10.0,0.0,0.0,74334.57933231427
2026-08-17 07:15:00+00:00,204.18,SELL,WAIT,0.0,10.0,10.0,0.0,0.0,74334.57933231427
2026-08-17 07:30:00+00:00,195.85,SELL,WAIT,0.0,10.0,10.0,0.0,0.0,74334.57933231427
2026-08-17 07:45:00+00:00,182.24,SELL,WAIT,0.0,10.0,10.0,0.0,0.0,74334.57933231427
2026-08-17 08:00:00+00:00,190.1,SELL,WAIT,0.0,10.0,10.0,0.0,0.0,74334.57933231427
2026-08-17 08:15:00+00:00,179.92,SELL,WAIT,0.0,10.0,10.0,0.0,0.0,74334.57933231427
2026-08-17 08:30:00+00:00,168.87,SELL,WAIT,0.0,10.0,10.0,0.0,0.0,74334.57933231427
2026-08-17 08:45:00+00:00,162.27,SELL,WAIT,0.0,10.0,10.0,0.0,0.0,74334.57933231427
2026-08-17 09:00:00+00:00,176.45,SELL,WAIT,0.0,10.0,10.0,0.0,0.0,74334.57933231427
2026-08-17 09:15:00+00:00,173.06,SELL,WAIT,0.0,10.0,10.0,0.0,0.0,74334.57933231427
2026-08-17 09:30:00+00:00,161.07,SELL,WAIT,0.0,10.0,10.0,0.0,0.0,74334.57933231427
2026-08-17 09:45:00+00:00,156.55,SELL,WAIT,0.0,10.0,10.0,0.0,0.0,74334.57933231427
2026-08-17 10:00:00+00:00,158.76,SELL,WAIT,0.0,10.0,10.0,0.0,0.0,74334.57933231427
2026-08-17 10:15:00+00:00,156.05,WAIT,WAIT,0.0,10.0,10.0,0.0,0.0,74334.57933231427
2026-08-17 10:30:00+00:00,155.8,WAIT,WAIT,0.0,10.0,10.0,0.0,0.0,74334.57933231427
2026-08-17 10:45:00+00:00,146.38,WAIT,WAIT,0.0,10.0,10.0,0.0,0.0,74334.57933231427
2026-08-17 11:00:00+00:00,158.14,WAIT,WAIT,0.0,10.0,10.0,0.0,0.0,74334.57933231427
2026-08-17 11:15:00+00:00,158.13,WAIT,WAIT,0.0,10.0,10.0,0.0,0.0,74334.57933231427
2026-08-17 11:30:00+00:00,147.38,WAIT,WAIT,0.0,10.0,10.0,0.0,0.0,74334.57933231427
2026-08-17 11:45:00+00:00,136.81,BUY,CHARGE,12.125,10.0,21.50278498886248,0.0,-1658.82125,72675.75808231428
2026-08-17 12:00:00+00:00,142.49,BUY,CHARGE,12.125,21.50278498886248,33.00556997772496,0.0,-1727.69125,70948.06683231427
2026-08-17 12:15:00+00:00,136.88,BUY,CHARGE,12.125,33.00556997772496,44.50835496658744,0.0,-1659.6699999999998,69288.39683231428
2026-08-17 12:30:00+00:00,142.16,BUY,CHARGE,12.125,44.50835496658744,56.01113995544992,0.0,-1723.69,67564.70683231427
2026-08-17 12:45:00+00:00,143.54,BUY,CHARGE,12.125,56.01113995544992,67.51392494431241,0.0,-1740.4225,65824.28433231427
2026-08-17 13:00:00+00:00,142.62,BUY,CHARGE,12.125,67.51392494431241,79.0167099331749,0.0,-1729.2675000000002,64095.01683231427
2026-08-17 13:15:00+00:00,135.68,BUY,CHARGE,11.577404271156766,79.0167099331749,90.0,0.0,-1570.82221151055,62524.19462080372
2026-08-17 13:30:00+00:00,135.03,BUY,WAIT,0.0,90.0,90.0,0.0,0.0,62524.19462080372
2026-08-17 13:45:00+00:00,136.19,BUY,WAIT,0.0,90.0,90.0,0.0,0.0,62524.19462080372
2026-08-17 14:00:00+00:00,133.8,BUY,WAIT,0.0,90.0,90.0,0.0,0.0,62524.19462080372
2026-08-17 14:15:00+00:00,138.03,BUY,WAIT,0.0,90.0,90.0,0.0,0.0,62524.19462080372
2026-08-17 14:30:00+00:00,141.27,BUY,WAIT,0.0,90.0,90.0,0.0,0.0,62524.19462080372
2026-08-17 14:45:00+00:00,142.79,BUY,WAIT,0.0,90.0,90.0,0.0,0.0,62524.19462080372
2026-08-17 15:00:00+00:00,137.3,BUY,WAIT,0.0,90.0,90.0,0.0,0.0,62524.19462080372
2026-08-17 15:15:00+00:00,148.35,BUY,WAIT,0.0,90.0,90.0,0.0,0.0,62524.19462080372
2026-08-17 15:30:00+00:00,155.73,BUY,WAIT,0.0,90.0,90.0,0.0,0.0,62524.19462080372
2026-08-17 15:45:00+00:00,170.62,BUY,WAIT,0.0,90.0,90.0,0.0,0.0,62524.19462080372
2026-08-17 16:00:00+00:00,159.23,BUY,WAIT,0.0,90.0,90.0,0.0,0.0,62524.19462080372
2026-08-17 16:15:00+00:00,172.97,BUY,WAIT,0.0,90.0,90.0,0.0,0.0,62524.19462080372
2026-08-17 16:30:00+00:00,188.64,BUY,WAIT,0.0,90.0,90.0,0.0,0.0,62524.19462080372
2026-08-17 16:45:00+00:00,197.06,BUY,WAIT,0.0,90.0,90.0,0.0,0.0,62524.19462080372
2026-08-17 17:00:00+00:00,186.49,BUY,WAIT,0.0,90.0,90.0,0.0,0.0,62524.19462080372
2026-08-17 17:15:00+00:00,201.76,WAIT,WAIT,0.0,90.0,90.0,0.0,0.0,62524.19462080372
2026-08-17 17:30:00+00:00,212.76,WAIT,WAIT,0.0,90.0,90.0,0.0,0.0,62524.19462080372
2026-08-17 17:45:00+00:00,219.22,WAIT,WAIT,0.0,90.0,90.0,0.0,0.0,62524.19462080372
2026-08-17 18:00:00+00:00,206.98,SELL,DISCHARGE,12.125,90.0,77.2191277901528,12.125,2509.6324999999997,65033.82712080372
2026-08-17 18:15:00+00:00,213.76,SELL,DISCHARGE,12.125,77.2191277901528,64.4382555803056,24.25,2591.8399999999997,67625.66712080372
2026-08-17 18:30:00+00:00,216.12,SELL,DISCHARGE,12.125,64.4382555803056,51.65738337045839,36.375,2620.455,70246.12212080372
2026-08-17 18:45:00+00:00,217.36,SELL,DISCHARGE,12.125,51.65738337045839,38.87651116061119,48.5,2635.4900000000002,72881.61212080372
2026-08-17 19:00:00+00:00,219.05,SELL,DISCHARGE,12.125,38.87651116061119,26.095638950763988,60.625,2655.9812500000003,75537.59337080372
2026-08-17 19:15:00+00:00,213.86,SELL,DISCHARGE,12.125,26.095638950763988,13.314766740916788,72.75,2593.0525000000002,78130.64587080372
2026-08-17 19:30:00+00:00,210.0,SELL,DISCHARGE,3.1446638440410912,13.314766740916788,10.0,75.89466384404109,660.3794072486291,78791.02527805236
2026-08-17 19:45:00+00:00,197.1,SELL,WAIT,0.0,10.0,10.0,75.89466384404109,0.0,78791.02527805236
2026-08-17 20:00:00+00:00,205.4,SELL,WAIT,0.0,10.0,10.0,75.89466384404109,0.0,78791.02527805236
2026-08-17 20:15:00+00:00,199.19,SELL,WAIT,0.0,10.0,10.0,75.89466384404109,0.0,78791.02527805236
2026-08-17 20:30:00+00:00,199.24,SELL,WAIT,0.0,10.0,10.0,75.89466384404109,0.0,78791.02527805236
2026-08-17 20:45:00+00:00,186.99,WAIT,WAIT,0.0,10.0,10.0,75.89466384404109,0.0,78791.02527805236
2026-08-17 21:00:00+00:00,192.75,SELL,WAIT,0.0,10.0,10.0,75.89466384404109,0.0,78791.02527805236
2026-08-17 21:15:00+00:00,184.4,WAIT,WAIT,0.0,10.0,10.0,75.89466384404109,0.0,78791.02527805236
2026-08-17 21:30:00+00:00,176.53,WAIT,WAIT,0.0,10.0,10.0,75.89466384404109,0.0,78791.02527805236
2026-08-17 21:45:00+00:00,166.0,WAIT,WAIT,0.0,10.0,10.0,75.89466384404109,0.0,78791.02527805236
2026-08-17 22:00:00+00:00,187.93,SELL,WAIT,0.0,10.0,10.0,75.89466384404109,0.0,78791.02527805236
2026-08-17 22:15:00+00:00,179.97,SELL,WAIT,0.0,10.0,10.0,75.89466384404109,0.0,78791.02527805236
2026-08-17 22:30:00+00:00,167.81,WAIT,WAIT,0.0,10.0,10.0,75.89466384404109,0.0,78791.02527805236
2026-08-17 22:45:00+00:00,158.56,BUY,CHARGE,12.125,10.0,21.50278498886248,75.89466384404109,-1922.54,76868.48527805237
2026-08-17 23:00:00+00:00,167.15,SELL,DISCHARGE,10.9125,21.50278498886248,10.0,86.80716384404109,1824.024375,78692.50965305236
2026-08-17 23:15:00+00:00,161.93,WAIT,WAIT,0.0,10.0,10.0,86.80716384404109,0.0,78692.50965305236
2026-08-17 23:30:00+00:00,160.0,WAIT,WAIT,0.0,10.0,10.0,86.80716384404109,0.0,78692.50965305236
2026-08-17 23:45:00+00:00,150.07,BUY,CHARGE,12.125,10.0,21.50278498886248,86.80716384404109,-1819.5987499999999,76872.91090305235
2026-08-18 00:00:00+00:00,152.55,WAIT,WAIT,0.0,21.50278498886248,21.50278498886248,0.0,0.0,76872.91090305235
2026-08-18 00:15:00+00:00,150.08,BUY,CHARGE,12.125,21.50278498886248,33.00556997772496,0.0,-1819.7200000000003,75053.19090305235
2026-08-18 00:30:00+00:00,149.66,BUY,CHARGE,12.125,33.00556997772496,44.50835496658744,0.0,-1814.6275,73238.56340305235
2026-08-18 00:45:00+00:00,150.93,BUY,CHARGE,12.125,44.50835496658744,56.01113995544992,0.0,-1830.0262500000001,71408.53715305236
2026-08-18 01:00:00+00:00,148.34,BUY,CHARGE,12.125,56.01113995544992,67.51392494431241,0.0,-1798.6225,69609.91465305236
2026-08-18 01:15:00+00:00,146.98,BUY,CHARGE,12.125,67.51392494431241,79.0167099331749,0.0,-1782.1325,67827.78215305235
2026-08-18 01:30:00+00:00,148.18,BUY,CHARGE,11.577404271156766,79.0167099331749,90.0,0.0,-1715.5397649000097,66112.24238815234
2026-08-18 01:45:00+00:00,150.07,BUY,WAIT,0.0,90.0,90.0,0.0,0.0,66112.24238815234
2026-08-18 02:00:00+00:00,148.4,BUY,WAIT,0.0,90.0,90.0,0.0,0.0,66112.24238815234
2026-08-18 02:15:00+00:00,147.05,BUY,WAIT,0.0,90.0,90.0,0.0,0.0,66112.24238815234
2026-08-18 02:30:00+00:00,149.3,BUY,WAIT,0.0,90.0,90.0,0.0,0.0,66112.24238815234
2026-08-18 02:45:00+00:00,152.13,BUY,WAIT,0.0,90.0,90.0,0.0,0.0,66112.24238815234
2026-08-18 03:00:00+00:00,147.12,BUY,WAIT,0.0,90.0,90.0,0.0,0.0,66112.24238815234
2026-08-18 03:15:00+00:00,155.99,BUY,WAIT,0.0,90.0,90.0,0.0,0.0,66112.24238815234
2026-08-18 03:30:00+00:00,159.44,BUY,WAIT,0.0,90.0,90.0,0.0,0.0,66112.24238815234
2026-08-18 03:45:00+00:00,173.57,WAIT,WAIT,0.0,90.0,90.0,0.0,0.0,66112.24238815234
2026-08-18 04:00:00+00:00,172.39,WAIT,WAIT,0.0,90.0,90.0,0.0,0.0,66112.24238815234
2026-08-18 04:15:00+00:00,174.29,WAIT,WAIT,0.0,90.0,90.0,0.0,0.0,66112.24238815234
2026-08-18 04:30:00+00:00,163.0,WAIT,WAIT,0.0,90.0,90.0,0.0,0.0,66112.24238815234
2026-08-18 04:45:00+00:00,172.76,SELL,DISCHARGE,12.125,90.0,77.2191277901528,12.125,2094.7149999999997,68206.95738815234
2026-08-18 05:00:00+00:00,174.64,SELL,DISCHARGE,12.125,77.2191277901528,64.4382555803056,24.25,2117.5099999999998,70324.46738815233
2026-08-18 05:15:00+00:00,185.83,SELL,DISCHARGE,12.125,64.4382555803056,51.65738337045839,36.375,2253.1887500000003,72577.65613815234
2026-08-18 05:30:00+00:00,188.86,SELL,DISCHARGE,12.125,51.65738337045839,38.87651116061119,48.5,2289.9275000000002,74867.58363815234
2026-08-18 05:45:00+00:00,187.77,SELL,DISCHARGE,12.125,38.87651116061119,26.095638950763988,60.625,2276.7112500000003,77144.29488815233
2026-08-18 06:00:00+00:00,201.38,SELL,DISCHARGE,12.125,26.095638950763988,13.314766740916788,72.75,2441.7325,79586.02738815233
2026-08-18 06:15:00+00:00,196.16,SELL,DISCHARGE,3.1446638440410912,13.314766740916788,10.0,75.89466384404109,616.8572596471005,80202.88464779944
2026-08-18 06:30:00+00:00,180.0,SELL,WAIT,0.0,10.0,10.0,75.89466384404109,0.0,80202.88464779944
2026-08-18 06:45:00+00:00,163.34,SELL,WAIT,0.0,10.0,10.0,75.89466384404109,0.0,80202.88464779944
2026-08-18 07:00:00+00:00,174.56,SELL,WAIT,0.0,10.0,10.0,75.89466384404109,0.0,80202.88464779944
2026-08-18 07:15:00+00:00,167.97,SELL,WAIT,0.0,10.0,10.0,75.89466384404109,0.0,80202.88464779944
2026-08-18 07:30:00+00:00,156.79,SELL,WAIT,0.0,10.0,10.0,75.89466384404109,0.0,80202.88464779944
2026-08-18 07:45:00+00:00,147.55,SELL,WAIT,0.0,10.0,10.0,75.89466384404109,0.0,80202.88464779944
2026-08-18 08:00:00+00:00,160.95,SELL,WAIT,0.0,10.0,10.0,75.89466384404109,0.0,80202.88464779944
2026-08-18 08:15:00+00:00,155.23,SELL,WAIT,0.0,10.0,10.0,75.89466384404109,0.0,80202.88464779944
2026-08-18 08:30:00+00:00,148.02,SELL,WAIT,0.0,10.0,10.0,75.89466384404109,0.0,80202.88464779944
2026-08-18 08:45:00+00:00,145.61,SELL,WAIT,0.0,10.0,10.0,75.89466384404109,0.0,80202.88464779944
2026-08-18 09:00:00+00:00,148.78,SELL,WAIT,0.0,10.0,10.0,75.89466384404109,0.0,80202.88464779944
2026-08-18 09:15:00+00:00,144.35,SELL,WAIT,0.0,10.0,10.0,75.89466384404109,0.0,80202.88464779944
2026-08-18 09:30:00+00:00,140.41,WAIT,WAIT,0.0,10.0,10.0,75.89466384404109,0.0,80202.88464779944
2026-08-18 09:45:00+00:00,143.4,WAIT,WAIT,0.0,10.0,10.0,75.89466384404109,0.0,80202.88464779944
2026-08-18 10:00:00+00:00,137.22,WAIT,WAIT,0.0,10.0,10.0,75.89466384404109,0.0,80202.88464779944
2026-08-18 10:15:00+00:00,137.14,WAIT,WAIT,0.0,10.0,10.0,75.89466384404109,0.0,80202.88464779944
2026-08-18 10:45:00+00:00,135.58,BUY,CHARGE,12.125,10.0,21.50278498886248,75.89466384404109,-1643.9075000000003,78558.97714779944
2026-08-18 11:15:00+00:00,133.31,BUY,CHARGE,12.125,21.50278498886248,33.00556997772496,75.89466384404109,-1616.38375,76942.59339779944
2026-08-18 11:30:00+00:00,131.17,BUY,CHARGE,12.125,33.00556997772496,44.50835496658744,75.89466384404109,-1590.4362499999997,75352.15714779944
2026-08-18 11:45:00+00:00,129.05,BUY,CHARGE,12.125,44.50835496658744,56.01113995544992,75.89466384404109,-1564.73125,73787.42589779945
2026-08-18 12:00:00+00:00,130.1,BUY,CHARGE,12.125,56.01113995544992,67.51392494431241,75.89466384404109,-1577.4624999999999,72209.96339779945
2026-08-18 12:15:00+00:00,130.47,BUY,CHARGE,12.125,67.51392494431241,79.0167099331749,75.89466384404109,-1581.94875,70628.01464779946
2026-08-18 12:30:00+00:00,132.19,BUY,CHARGE,11.577404271156766,79.0167099331749,90.0,75.89466384404109,-1530.4170706042128,69097.59757719525
2026-08-18 12:45:00+00:00,130.48,BUY,WAIT,0.0,90.0,90.0,75.89466384404109,0.0,69097.59757719525
2026-08-18 13:00:00+00:00,131.91,BUY,WAIT,0.0,90.0,90.0,75.89466384404109,0.0,69097.59757719525
2026-08-18 13:15:00+00:00,130.41,BUY,WAIT,0.0,90.0,90.0,75.89466384404109,0.0,69097.59757719525
2026-08-18 13:30:00+00:00,131.58,BUY,WAIT,0.0,90.0,90.0,75.89466384404109,0.0,69097.59757719525
2026-08-18 13:45:00+00:00,135.07,BUY,WAIT,0.0,90.0,90.0,75.89466384404109,0.0,69097.59757719525
2026-08-18 14:00:00+00:00,132.11,BUY,WAIT,0.0,90.0,90.0,75.89466384404109,0.0,69097.59757719525
2026-08-18 14:15:00+00:00,132.62,BUY,WAIT,0.0,90.0,90.0,75.89466384404109,0.0,69097.59757719525
2026-08-18 14:30:00+00:00,139.72,BUY,WAIT,0.0,90.0,90.0,75.89466384404109,0.0,69097.59757719525
2026-08-18 14:45:00+00:00,149.3,BUY,WAIT,0.0,90.0,90.0,75.89466384404109,0.0,69097.59757719525
2026-08-18 15:00:00+00:00,138.25,BUY,WAIT,0.0,90.0,90.0,75.89466384404109,0.0,69097.59757719525
2026-08-18 15:15:00+00:00,148.96,BUY,WAIT,0.0,90.0,90.0,75.89466384404109,0.0,69097.59757719525
2026-08-18 15:30:00+00:00,153.66,BUY,WAIT,0.0,90.0,90.0,75.89466384404109,0.0,69097.59757719525
2026-08-18 15:45:00+00:00,148.6,BUY,WAIT,0.0,90.0,90.0,75.89466384404109,0.0,69097.59757719525
2026-08-18 16:00:00+00:00,149.05,BUY,WAIT,0.0,90.0,90.0,75.89466384404109,0.0,69097.59757719525
2026-08-18 16:15:00+00:00,158.87,BUY,WAIT,0.0,90.0,90.0,75.89466384404109,0.0,69097.59757719525
2026-08-18 16:30:00+00:00,181.72,WAIT,WAIT,0.0,90.0,90.0,75.89466384404109,0.0,69097.59757719525
2026-08-18 16:45:00+00:00,179.94,BUY,WAIT,0.0,90.0,90.0,75.89466384404109,0.0,69097.59757719525
2026-08-18 17:00:00+00:00,192.0,WAIT,WAIT,0.0,90.0,90.0,75.89466384404109,0.0,69097.59757719525
2026-08-18 17:15:00+00:00,188.59,BUY,WAIT,0.0,90.0,90.0,75.89466384404109,0.0,69097.59757719525
2026-08-18 17:30:00+00:00,200.52,WAIT,WAIT,0.0,90.0,90.0,75.89466384404109,0.0,69097.59757719525
2026-08-18 17:45:00+00:00,204.35,SELL,DISCHARGE,12.125,90.0,77.2191277901528,88.01966384404109,2477.74375,71575.34132719524
2026-08-18 18:00:00+00:00,199.09,SELL,DISCHARGE,11.98033615595891,77.2191277901528,64.590744661054,100.0,2385.165125289859,73960.5064524851
2026-08-18 18:15:00+00:00,202.72,SELL,WAIT,0.0,64.590744661054,64.590744661054,100.0,0.0,73960.5064524851
2026-08-18 18:30:00+00:00,202.24,SELL,WAIT,0.0,64.590744661054,64.590744661054,100.0,0.0,73960.5064524851
2026-08-18 18:45:00+00:00,199.06,SELL,WAIT,0.0,64.590744661054,64.590744661054,100.0,0.0,73960.5064524851
2026-08-18 19:00:00+00:00,204.26,SELL,WAIT,0.0,64.590744661054,64.590744661054,100.0,0.0,73960.5064524851
2026-08-18 19:15:00+00:00,208.69,SELL,WAIT,0.0,64.590744661054,64.590744661054,100.0,0.0,73960.5064524851
2026-08-18 19:30:00+00:00,196.03,SELL,WAIT,0.0,64.590744661054,64.590744661054,100.0,0.0,73960.5064524851
2026-08-18 19:45:00+00:00,187.02,SELL,WAIT,0.0,64.590744661054,64.590744661054,100.0,0.0,73960.5064524851
2026-08-18 20:00:00+00:00,200.23,SELL,WAIT,0.0,64.590744661054,64.590744661054,100.0,0.0,73960.5064524851
2026-08-18 20:15:00+00:00,195.0,SELL,WAIT,0.0,64.590744661054,64.590744661054,100.0,0.0,73960.5064524851
2026-08-18 20:30:00+00:00,188.25,SELL,WAIT,0.0,64.590744661054,64.590744661054,100.0,0.0,73960.5064524851
2026-08-18 20:45:00+00:00,182.06,WAIT,WAIT,0.0,64.590744661054,64.590744661054,100.0,0.0,73960.5064524851
2026-08-18 21:00:00+00:00,191.52,SELL,WAIT,0.0,64.590744661054,64.590744661054,100.0,0.0,73960.5064524851
2026-08-18 21:15:00+00:00,177.9,WAIT,WAIT,0.0,64.590744661054,64.590744661054,100.0,0.0,73960.5064524851
2026-08-18 21:30:00+00:00,174.25,WAIT,WAIT,0.0,64.590744661054,64.590744661054,100.0,0.0,73960.5064524851
2026-08-18 21:45:00+00:00,164.9,BUY,CHARGE,12.125,64.590744661054,76.09352964991649,100.0,-1999.4125000000001,71961.0939524851
2026-08-18 22:00:00+00:00,192.0,SELL,WAIT,0.0,76.09352964991649,76.09352964991649,100.0,0.0,71961.0939524851
2026-08-18 22:15:00+00:00,179.12,SELL,WAIT,0.0,76.09352964991649,76.09352964991649,100.0,0.0,71961.0939524851
2026-08-18 22:30:00+00:00,174.36,WAIT,WAIT,0.0,76.09352964991649,76.09352964991649,100.0,0.0,71961.0939524851
2026-08-18 22:45:00+00:00,160.92,BUY,CHARGE,12.125,76.09352964991649,87.59631463877898,100.0,-1951.1549999999997,70009.9389524851
2026-08-18 23:00:00+00:00,163.46,WAIT,WAIT,0.0,87.59631463877898,87.59631463877898,100.0,0.0,70009.9389524851
2026-08-18 23:15:00+00:00,157.81,BUY,CHARGE,2.533706839954333,87.59631463877898,90.0,100.0,-399.8442764131933,69610.09467607191
2026-08-18 23:30:00+00:00,156.13,BUY,WAIT,0.0,90.0,90.0,100.0,0.0,69610.09467607191
2026-08-18 23:45:00+00:00,153.0,BUY,WAIT,0.0,90.0,90.0,100.0,0.0,69610.09467607191
2026-08-19 00:00:00+00:00,156.88,BUY,WAIT,0.0,90.0,90.0,0.0,0.0,69610.09467607191
2026-08-19 00:15:00+00:00,151.89,BUY,WAIT,0.0,90.0,90.0,0.0,0.0,69610.09467607191
2026-08-19 00:30:00+00:00,150.39,BUY,WAIT,0.0,90.0,90.0,0.0,0.0,69610.09467607191
2026-08-19 01:00:00+00:00,147.52,BUY,WAIT,0.0,90.0,90.0,0.0,0.0,69610.09467607191
2026-08-19 01:15:00+00:00,147.94,BUY,WAIT,0.0,90.0,90.0,0.0,0.0,69610.09467607191
2026-08-19 01:30:00+00:00,146.48,BUY,WAIT,0.0,90.0,90.0,0.0,0.0,69610.09467607191
2026-08-19 01:45:00+00:00,147.26,BUY,WAIT,0.0,90.0,90.0,0.0,0.0,69610.09467607191
2026-08-19 02:00:00+00:00,148.07,BUY,WAIT,0.0,90.0,90.0,0.0,0.0,69610.09467607191
2026-08-19 02:15:00+00:00,148.82,BUY,WAIT,0.0,90.0,90.0,0.0,0.0,69610.09467607191
2026-08-19 02:30:00+00:00,150.0,BUY,WAIT,0.0,90.0,90.0,0.0,0.0,69610.09467607191
2026-08-19 02:45:00+00:00,149.09,BUY,WAIT,0.0,90.0,90.0,0.0,0.0,69610.09467607191
2026-08-19 03:00:00+00:00,155.03,BUY,WAIT,0.0,90.0,90.0,0.0,0.0,69610.09467607191
2026-08-19 03:15:00+00:00,155.35,BUY,WAIT,0.0,90.0,90.0,0.0,0.0,69610.09467607191
2026-08-19 03:30:00+00:00,161.44,BUY,WAIT,0.0,90.0,90.0,0.0,0.0,69610.09467607191
2026-08-19 03:45:00+00:00,174.82,WAIT,WAIT,0.0,90.0,90.0,0.0,0.0,69610.09467607191
2026-08-19 04:00:00+00:00,173.2,WAIT,WAIT,0.0,90.0,90.0,0.0,0.0,69610.09467607191
2026-08-19 04:15:00+00:00,184.71,WAIT,WAIT,0.0,90.0,90.0,0.0,0.0,69610.09467607191
2026-08-19 04:30:00+00:00,188.92,SELL,DISCHARGE,12.125,90.0,77.2191277901528,12.125,2290.6549999999997,71900.74967607191
2026-08-19 04:45:00+00:00,192.23,SELL,DISCHARGE,12.125,77.2191277901528,64.4382555803056,24.25,2330.7887499999997,74231.5384260719
2026-08-19 05:00:00+00:00,197.0,SELL,DISCHARGE,12.125,64.4382555803056,51.65738337045839,36.375,2388.625,76620.1634260719
2026-08-19 05:15:00+00:00,192.85,SELL,DISCHARGE,12.125,51.65738337045839,38.87651116061119,48.5,2338.30625,78958.4696760719
2026-08-19 05:30:00+00:00,191.72,SELL,DISCHARGE,12.125,38.87651116061119,26.095638950763988,60.625,2324.605,81283.07467607189
2026-08-19 05:45:00+00:00,188.95,SELL,DISCHARGE,12.125,26.095638950763988,13.314766740916788,72.75,2291.0187499999997,83574.0934260719
2026-08-19 06:00:00+00:00,202.0,SELL,DISCHARGE,3.1446638440410912,13.314766740916788,10.0,75.89466384404109,635.2220964963004,84209.3155225682
2026-08-19 06:15:00+00:00,194.13,SELL,WAIT,0.0,10.0,10.0,75.89466384404109,0.0,84209.3155225682
2026-08-19 06:30:00+00:00,186.99,SELL,WAIT,0.0,10.0,10.0,75.89466384404109,0.0,84209.3155225682
2026-08-19 06:45:00+00:00,180.34,SELL,WAIT,0.0,10.0,10.0,75.89466384404109,0.0,84209.3155225682
2026-08-19 07:00:00+00:00,200.0,SELL,WAIT,0.0,10.0,10.0,75.89466384404109,0.0,84209.3155225682
2026-08-19 07:15:00+00:00,179.92,SELL,WAIT,0.0,10.0,10.0,75.89466384404109,0.0,84209.3155225682
2026-08-19 07:30:00+00:00,155.0,SELL,WAIT,0.0,10.0,10.0,75.89466384404109,0.0,84209.3155225682
2026-08-19 07:45:00+00:00,143.78,WAIT,WAIT,0.0,10.0,10.0,75.89466384404109,0.0,84209.3155225682
2026-08-19 08:00:00+00:00,163.0,SELL,WAIT,0.0,10.0,10.0,75.89466384404109,0.0,84209.3155225682
2026-08-19 08:15:00+00:00,154.9,SELL,WAIT,0.0,10.0,10.0,75.89466384404109,0.0,84209.3155225682
2026-08-19 08:30:00+00:00,146.43,WAIT,WAIT,0.0,10.0,10.0,75.89466384404109,0.0,84209.3155225682
2026-08-19 08:45:00+00:00,148.65,SELL,WAIT,0.0,10.0,10.0,75.89466384404109,0.0,84209.3155225682
2026-08-19 09:00:00+00:00,145.69,WAIT,WAIT,0.0,10.0,10.0,75.89466384404109,0.0,84209.3155225682
2026-08-19 09:15:00+00:00,146.02,WAIT,WAIT,0.0,10.0,10.0,75.89466384404109,0.0,84209.3155225682
2026-08-19 09:30:00+00:00,142.13,WAIT,WAIT,0.0,10.0,10.0,75.89466384404109,0.0,84209.3155225682
2026-08-19 09:45:00+00:00,138.0,WAIT,WAIT,0.0,10.0,10.0,75.89466384404109,0.0,84209.3155225682
2026-08-19 10:00:00+00:00,143.44,WAIT,WAIT,0.0,10.0,10.0,75.89466384404109,0.0,84209.3155225682
2026-08-19 10:45:00+00:00,130.87,BUY,CHARGE,12.125,10.0,21.50278498886248,75.89466384404109,-1586.7987500000002,82622.5167725682
2026-08-19 11:00:00+00:00,133.2,BUY,CHARGE,12.125,21.50278498886248,33.00556997772496,75.89466384404109,-1615.05,81007.4667725682
2026-08-19 11:15:00+00:00,130.1,BUY,CHARGE,12.125,33.00556997772496,44.50835496658744,75.89466384404109,-1577.4624999999999,79430.0042725682
2026-08-19 11:45:00+00:00,125.08,BUY,CHARGE,12.125,44.50835496658744,56.01113995544992,75.89466384404109,-1516.595,77913.4092725682
2026-08-19 12:00:00+00:00,129.01,BUY,CHARGE,12.125,56.01113995544992,67.51392494431241,75.89466384404109,-1564.24625,76349.1630225682
2026-08-19 12:15:00+00:00,129.9,BUY,CHARGE,12.125,67.51392494431241,79.0167099331749,75.89466384404109,-1575.0375000000001,74774.1255225682
2026-08-19 12:30:00+00:00,127.36,BUY,CHARGE,11.577404271156766,79.0167099331749,90.0,75.89466384404109,-1474.4982079745257,73299.62731459367
2026-08-19 12:45:00+00:00,126.93,BUY,WAIT,0.0,90.0,90.0,75.89466384404109,0.0,73299.62731459367
2026-08-19 13:15:00+00:00,129.36,BUY,WAIT,0.0,90.0,90.0,75.89466384404109,0.0,73299.62731459367
2026-08-19 13:30:00+00:00,133.27,BUY,WAIT,0.0,90.0,90.0,75.89466384404109,0.0,73299.62731459367
2026-08-19 13:45:00+00:00,136.24,BUY,WAIT,0.0,90.0,90.0,75.89466384404109,0.0,73299.62731459367
2026-08-19 14:00:00+00:00,130.0,BUY,WAIT,0.0,90.0,90.0,75.89466384404109,0.0,73299.62731459367
2026-08-19 14:15:00+00:00,135.0,BUY,WAIT,0.0,90.0,90.0,75.89466384404109,0.0,73299.62731459367
2026-08-19 14:30:00+00:00,141.77,BUY,WAIT,0.0,90.0,90.0,75.89466384404109,0.0,73299.62731459367
2026-08-19 14:45:00+00:00,149.29,BUY,WAIT,0.0,90.0,90.0,75.89466384404109,0.0,73299.62731459367
2026-08-19 15:00:00+00:00,138.08,BUY,WAIT,0.0,90.0,90.0,75.89466384404109,0.0,73299.62731459367
2026-08-19 15:15:00+00:00,146.34,BUY,WAIT,0.0,90.0,90.0,75.89466384404109,0.0,73299.62731459367
2026-08-19 15:30:00+00:00,157.44,BUY,WAIT,0.0,90.0,90.0,75.89466384404109,0.0,73299.62731459367
2026-08-19 15:45:00+00:00,174.04,BUY,WAIT,0.0,90.0,90.0,75.89466384404109,0.0,73299.62731459367
2026-08-19 16:00:00+00:00,164.78,BUY,WAIT,0.0,90.0,90.0,75.89466384404109,0.0,73299.62731459367
2026-08-19 16:15:00+00:00,180.19,BUY,WAIT,0.0,90.0,90.0,75.89466384404109,0.0,73299.62731459367
2026-08-19 16:30:00+00:00,192.06,BUY,WAIT,0.0,90.0,90.0,75.89466384404109,0.0,73299.62731459367
2026-08-19 16:45:00+00:00,198.4,WAIT,WAIT,0.0,90.0,90.0,75.89466384404109,0.0,73299.62731459367
2026-08-19 17:00:00+00:00,187.5,BUY,WAIT,0.0,90.0,90.0,75.89466384404109,0.0,73299.62731459367
2026-08-19 17:15:00+00:00,205.03,WAIT,WAIT,0.0,90.0,90.0,75.89466384404109,0.0,73299.62731459367
2026-08-19 17:30:00+00:00,215.99,SELL,DISCHARGE,12.125,90.0,77.2191277901528,88.01966384404109,2618.8787500000003,75918.50606459368
2026-08-19 17:45:00+00:00,221.78,SELL,DISCHARGE,11.98033615595891,77.2191277901528,64.590744661054,100.0,2656.9989526685667,78575.50501726224
2026-08-19 18:00:00+00:00,199.69,SELL,WAIT,0.0,64.590744661054,64.590744661054,100.0,0.0,78575.50501726224
2026-08-19 18:15:00+00:00,208.88,SELL,WAIT,0.0,64.590744661054,64.590744661054,100.0,0.0,78575.50501726224
2026-08-19 18:30:00+00:00,212.6,SELL,WAIT,0.0,64.590744661054,64.590744661054,100.0,0.0,78575.50501726224
2026-08-19 18:45:00+00:00,216.74,SELL,WAIT,0.0,64.590744661054,64.590744661054,100.0,0.0,78575.50501726224
2026-08-19 19:00:00+00:00,212.86,SELL,WAIT,0.0,64.590744661054,64.590744661054,100.0,0.0,78575.50501726224
2026-08-19 19:15:00+00:00,211.1,SELL,WAIT,0.0,64.590744661054,64.590744661054,100.0,0.0,78575.50501726224
2026-08-19 19:30:00+00:00,203.54,SELL,WAIT,0.0,64.590744661054,64.590744661054,100.0,0.0,78575.50501726224
2026-08-19 19:45:00+00:00,196.99,SELL,WAIT,0.0,64.590744661054,64.590744661054,100.0,0.0,78575.50501726224
2026-08-19 20:00:00+00:00,206.89,SELL,WAIT,0.0,64.590744661054,64.590744661054,100.0,0.0,78575.50501726224
2026-08-19 20:15:00+00:00,201.18,SELL,WAIT,0.0,64.590744661054,64.590744661054,100.0,0.0,78575.50501726224
2026-08-19 20:30:00+00:00,198.0,SELL,WAIT,0.0,64.590744661054,64.590744661054,100.0,0.0,78575.50501726224
2026-08-19 20:45:00+00:00,190.32,SELL,WAIT,0.0,64.590744661054,64.590744661054,100.0,0.0,78575.50501726224
2026-08-19 21:00:00+00:00,196.0,SELL,WAIT,0.0,64.590744661054,64.590744661054,100.0,0.0,78575.50501726224
2026-08-19 21:15:00+00:00,190.1,WAIT,WAIT,0.0,64.590744661054,64.590744661054,100.0,0.0,78575.50501726224
2026-08-19 21:30:00+00:00,185.0,WAIT,WAIT,0.0,64.590744661054,64.590744661054,100.0,0.0,78575.50501726224
2026-08-19 21:45:00+00:00,175.09,WAIT,WAIT,0.0,64.590744661054,64.590744661054,100.0,0.0,78575.50501726224
2026-08-19 22:00:00+00:00,185.0,SELL,WAIT,0.0,64.590744661054,64.590744661054,100.0,0.0,78575.50501726224
2026-08-19 22:15:00+00:00,178.23,SELL,WAIT,0.0,64.590744661054,64.590744661054,100.0,0.0,78575.50501726224
2026-08-19 22:30:00+00:00,168.62,SELL,WAIT,0.0,64.590744661054,64.590744661054,100.0,0.0,78575.50501726224
2026-08-19 22:45:00+00:00,159.0,WAIT,WAIT,0.0,64.590744661054,64.590744661054,100.0,0.0,78575.50501726224
2026-08-19 23:00:00+00:00,166.11,SELL,WAIT,0.0,64.590744661054,64.590744661054,100.0,0.0,78575.50501726224
2026-08-19 23:15:00+00:00,162.91,SELL,WAIT,0.0,64.590744661054,64.590744661054,100.0,0.0,78575.50501726224
2026-08-19 23:30:00+00:00,162.11,SELL,WAIT,0.0,64.590744661054,64.590744661054,100.0,0.0,78575.50501726224
2026-08-19 23:45:00+00:00,158.27,WAIT,WAIT,0.0,64.590744661054,64.590744661054,100.0,0.0,78575.50501726224
2026-08-20 00:00:00+00:00,158.91,WAIT,WAIT,0.0,64.590744661054,64.590744661054,0.0,0.0,78575.50501726224
2026-08-20 00:15:00+00:00,154.99,WAIT,WAIT,0.0,64.590744661054,64.590744661054,0.0,0.0,78575.50501726224
2026-08-20 00:30:00+00:00,151.5,WAIT,WAIT,0.0,64.590744661054,64.590744661054,0.0,0.0,78575.50501726224
2026-08-20 00:45:00+00:00,149.53,WAIT,WAIT,0.0,64.590744661054,64.590744661054,0.0,0.0,78575.50501726224
2026-08-20 01:00:00+00:00,149.17,WAIT,WAIT,0.0,64.590744661054,64.590744661054,0.0,0.0,78575.50501726224
2026-08-20 01:15:00+00:00,146.96,WAIT,WAIT,0.0,64.590744661054,64.590744661054,0.0,0.0,78575.50501726224
2026-08-20 01:30:00+00:00,148.89,WAIT,WAIT,0.0,64.590744661054,64.590744661054,0.0,0.0,78575.50501726224
2026-08-20 01:45:00+00:00,146.97,WAIT,WAIT,0.0,64.590744661054,64.590744661054,0.0,0.0,78575.50501726224
2026-08-20 02:00:00+00:00,145.9,WAIT,WAIT,0.0,64.590744661054,64.590744661054,0.0,0.0,78575.50501726224
2026-08-20 02:15:00+00:00,146.71,WAIT,WAIT,0.0,64.590744661054,64.590744661054,0.0,0.0,78575.50501726224
2026-08-20 02:30:00+00:00,149.56,WAIT,WAIT,0.0,64.590744661054,64.590744661054,0.0,0.0,78575.50501726224
2026-08-20 02:45:00+00:00,151.6,WAIT,WAIT,0.0,64.590744661054,64.590744661054,0.0,0.0,78575.50501726224
2026-08-20 03:00:00+00:00,148.34,WAIT,WAIT,0.0,64.590744661054,64.590744661054,0.0,0.0,78575.50501726224
2026-08-20 03:15:00+00:00,154.28,WAIT,WAIT,0.0,64.590744661054,64.590744661054,0.0,0.0,78575.50501726224
2026-08-20 03:30:00+00:00,162.13,WAIT,WAIT,0.0,64.590744661054,64.590744661054,0.0,0.0,78575.50501726224
2026-08-20 03:45:00+00:00,171.55,SELL,DISCHARGE,12.125,64.590744661054,51.8098724512068,12.125,2080.0437500000003,80655.54876726224
2026-08-20 04:00:00+00:00,160.0,WAIT,WAIT,0.0,51.8098724512068,51.8098724512068,12.125,0.0,80655.54876726224
2026-08-20 04:15:00+00:00,174.68,SELL,DISCHARGE,12.125,51.8098724512068,39.0290002413596,24.25,2117.995,82773.54376726224
2026-08-20 04:30:00+00:00,184.39,SELL,DISCHARGE,12.125,39.0290002413596,26.248128031512397,36.375,2235.7287499999998,85009.27251726223
2026-08-20 04:45:00+00:00,187.13,SELL,DISCHARGE,12.125,26.248128031512397,13.467255821665198,48.5,2268.95125,87278.22376726223
2026-08-20 05:00:00+00:00,187.86,SELL,DISCHARGE,3.289327688082184,13.467255821665198,10.0,51.78932768808218,617.9330994831191,87896.15686674535
2026-08-20 05:15:00+00:00,187.95,SELL,WAIT,0.0,10.0,10.0,51.78932768808218,0.0,87896.15686674535
2026-08-20 05:30:00+00:00,185.68,SELL,WAIT,0.0,10.0,10.0,51.78932768808218,0.0,87896.15686674535
2026-08-20 05:45:00+00:00,176.25,SELL,WAIT,0.0,10.0,10.0,51.78932768808218,0.0,87896.15686674535
2026-08-20 06:00:00+00:00,188.96,SELL,WAIT,0.0,10.0,10.0,51.78932768808218,0.0,87896.15686674535
2026-08-20 06:15:00+00:00,177.63,SELL,WAIT,0.0,10.0,10.0,51.78932768808218,0.0,87896.15686674535
2026-08-20 06:30:00+00:00,165.0,SELL,WAIT,0.0,10.0,10.0,51.78932768808218,0.0,87896.15686674535
2026-08-20 06:45:00+00:00,155.4,SELL,WAIT,0.0,10.0,10.0,51.78932768808218,0.0,87896.15686674535
2026-08-20 07:00:00+00:00,170.0,SELL,WAIT,0.0,10.0,10.0,51.78932768808218,0.0,87896.15686674535
2026-08-20 07:15:00+00:00,165.11,SELL,WAIT,0.0,10.0,10.0,51.78932768808218,0.0,87896.15686674535
2026-08-20 07:30:00+00:00,147.12,SELL,WAIT,0.0,10.0,10.0,51.78932768808218,0.0,87896.15686674535
2026-08-20 07:45:00+00:00,135.79,SELL,WAIT,0.0,10.0,10.0,51.78932768808218,0.0,87896.15686674535
2026-08-20 08:00:00+00:00,154.89,SELL,WAIT,0.0,10.0,10.0,51.78932768808218,0.0,87896.15686674535
2026-08-20 08:15:00+00:00,137.18,SELL,WAIT,0.0,10.0,10.0,51.78932768808218,0.0,87896.15686674535
2026-08-20 08:30:00+00:00,133.0,SELL,WAIT,0.0,10.0,10.0,51.78932768808218,0.0,87896.15686674535
2026-08-20 08:45:00+00:00,117.89,SELL,WAIT,0.0,10.0,10.0,51.78932768808218,0.0,87896.15686674535
2026-08-20 09:00:00+00:00,132.99,SELL,WAIT,0.0,10.0,10.0,51.78932768808218,0.0,87896.15686674535
2026-08-20 09:15:00+00:00,113.01,WAIT,WAIT,0.0,10.0,10.0,51.78932768808218,0.0,87896.15686674535
2026-08-20 09:30:00+00:00,103.84,WAIT,WAIT,0.0,10.0,10.0,51.78932768808218,0.0,87896.15686674535
2026-08-20 09:45:00+00:00,92.36,WAIT,WAIT,0.0,10.0,10.0,51.78932768808218,0.0,87896.15686674535
2026-08-20 10:00:00+00:00,101.22,SELL,WAIT,0.0,10.0,10.0,51.78932768808218,0.0,87896.15686674535
2026-08-20 10:15:00+00:00,85.89,BUY,CHARGE,12.125,10.0,21.50278498886248,51.78932768808218,-1041.41625,86854.74061674536
2026-08-20 10:30:00+00:00,82.19,BUY,CHARGE,12.125,21.50278498886248,33.00556997772496,51.78932768808218,-996.5537499999999,85858.18686674535
2026-08-20 10:45:00+00:00,75.85,BUY,CHARGE,12.125,33.00556997772496,44.50835496658744,51.78932768808218,-919.68125,84938.50561674536
2026-08-20 11:00:00+00:00,75.43,BUY,CHARGE,12.125,44.50835496658744,56.01113995544992,51.78932768808218,-914.5887500000001,84023.91686674536
2026-08-20 11:15:00+00:00,70.89,BUY,CHARGE,12.125,56.01113995544992,67.51392494431241,51.78932768808218,-859.54125,83164.37561674537
2026-08-20 11:30:00+00:00,64.09,BUY,CHARGE,12.125,67.51392494431241,79.0167099331749,51.78932768808218,-777.0912500000001,82387.28436674537
2026-08-20 11:45:00+00:00,56.96,BUY,CHARGE,11.577404271156766,79.0167099331749,90.0,51.78932768808218,-659.4489472850894,81727.83541946029
2026-08-20 12:00:00+00:00,67.69,BUY,WAIT,0.0,90.0,90.0,51.78932768808218,0.0,81727.83541946029
2026-08-20 12:15:00+00:00,66.55,BUY,WAIT,0.0,90.0,90.0,51.78932768808218,0.0,81727.83541946029
2026-08-20 12:30:00+00:00,74.15,BUY,WAIT,0.0,90.0,90.0,51.78932768808218,0.0,81727.83541946029
2026-08-20 12:45:00+00:00,74.17,BUY,WAIT,0.0,90.0,90.0,51.78932768808218,0.0,81727.83541946029
2026-08-20 13:00:00+00:00,79.02,BUY,WAIT,0.0,90.0,90.0,51.78932768808218,0.0,81727.83541946029
2026-08-20 13:15:00+00:00,85.34,BUY,WAIT,0.0,90.0,90.0,51.78932768808218,0.0,81727.83541946029
2026-08-20 13:30:00+00:00,94.3,BUY,WAIT,0.0,90.0,90.0,51.78932768808218,0.0,81727.83541946029
2026-08-20 13:45:00+00:00,99.67,BUY,WAIT,0.0,90.0,90.0,51.78932768808218,0.0,81727.83541946029
2026-08-20 14:00:00+00:00,73.05,BUY,WAIT,0.0,90.0,90.0,51.78932768808218,0.0,81727.83541946029
2026-08-20 14:15:00+00:00,96.78,BUY,WAIT,0.0,90.0,90.0,51.78932768808218,0.0,81727.83541946029
2026-08-20 14:30:00+00:00,115.53,BUY,WAIT,0.0,90.0,90.0,51.78932768808218,0.0,81727.83541946029
2026-08-20 14:45:00+00:00,129.56,BUY,WAIT,0.0,90.0,90.0,51.78932768808218,0.0,81727.83541946029
2026-08-20 15:00:00+00:00,122.94,BUY,WAIT,0.0,90.0,90.0,51.78932768808218,0.0,81727.83541946029
2026-08-20 15:15:00+00:00,133.57,BUY,WAIT,0.0,90.0,90.0,51.78932768808218,0.0,81727.83541946029
2026-08-20 15:30:00+00:00,149.82,BUY,WAIT,0.0,90.0,90.0,51.78932768808218,0.0,81727.83541946029
2026-08-20 15:45:00+00:00,160.96,BUY,WAIT,0.0,90.0,90.0,51.78932768808218,0.0,81727.83541946029
2026-08-20 16:00:00+00:00,141.34,BUY,WAIT,0.0,90.0,90.0,51.78932768808218,0.0,81727.83541946029
2026-08-20 16:15:00+00:00,156.02,BUY,WAIT,0.0,90.0,90.0,51.78932768808218,0.0,81727.83541946029
2026-08-20 16:30:00+00:00,176.47,BUY,WAIT,0.0,90.0,90.0,51.78932768808218,0.0,81727.83541946029
2026-08-20 16:45:00+00:00,178.45,BUY,WAIT,0.0,90.0,90.0,51.78932768808218,0.0,81727.83541946029
2026-08-20 17:00:00+00:00,177.13,BUY,WAIT,0.0,90.0,90.0,51.78932768808218,0.0,81727.83541946029
2026-08-20 17:15:00+00:00,186.96,BUY,WAIT,0.0,90.0,90.0,51.78932768808218,0.0,81727.83541946029
2026-08-20 17:30:00+00:00,192.41,WAIT,WAIT,0.0,90.0,90.0,51.78932768808218,0.0,81727.83541946029
2026-08-20 17:45:00+00:00,201.92,SELL,DISCHARGE,12.125,90.0,77.2191277901528,63.91432768808218,2448.2799999999997,84176.11541946029
2026-08-20 18:00:00+00:00,195.06,WAIT,WAIT,0.0,77.2191277901528,77.2191277901528,63.91432768808218,0.0,84176.11541946029
2026-08-20 18:15:00+00:00,198.69,SELL,DISCHARGE,12.125,77.2191277901528,64.4382555803056,76.03932768808218,2409.11625,86585.23166946029
2026-08-20 18:30:00+00:00,201.12,SELL,DISCHARGE,12.125,64.4382555803056,51.65738337045839,88.16432768808218,2438.58,89023.8116694603
2026-08-20 18:45:00+00:00,202.02,SELL,DISCHARGE,11.835672311917818,51.65738337045839,39.18148932210801,100.0,2391.0425204536377,91414.85418991394
2026-08-20 19:00:00+00:00,200.64,SELL,WAIT,0.0,39.18148932210801,39.18148932210801,100.0,0.0,91414.85418991394
2026-08-20 19:15:00+00:00,197.67,SELL,WAIT,0.0,39.18148932210801,39.18148932210801,100.0,0.0,91414.85418991394
2026-08-20 19:30:00+00:00,195.01,SELL,WAIT,0.0,39.18148932210801,39.18148932210801,100.0,0.0,91414.85418991394
2026-08-20 19:45:00+00:00,189.15,SELL,WAIT,0.0,39.18148932210801,39.18148932210801,100.0,0.0,91414.85418991394
2026-08-20 20:00:00+00:00,193.65,SELL,WAIT,0.0,39.18148932210801,39.18148932210801,100.0,0.0,91414.85418991394
2026-08-20 20:15:00+00:00,190.0,SELL,WAIT,0.0,39.18148932210801,39.18148932210801,100.0,0.0,91414.85418991394
2026-08-20 20:30:00+00:00,187.99,SELL,WAIT,0.0,39.18148932210801,39.18148932210801,100.0,0.0,91414.85418991394
2026-08-20 20:45:00+00:00,180.07,SELL,WAIT,0.0,39.18148932210801,39.18148932210801,100.0,0.0,91414.85418991394
2026-08-20 21:00:00+00:00,180.09,SELL,WAIT,0.0,39.18148932210801,39.18148932210801,100.0,0.0,91414.85418991394
2026-08-20 21:15:00+00:00,176.0,SELL,WAIT,0.0,39.18148932210801,39.18148932210801,100.0,0.0,91414.85418991394
2026-08-20 21:30:00+00:00,170.93,SELL,WAIT,0.0,39.18148932210801,39.18148932210801,100.0,0.0,91414.85418991394
2026-08-20 21:45:00+00:00,165.04,WAIT,WAIT,0.0,39.18148932210801,39.18148932210801,100.0,0.0,91414.85418991394
2026-08-20 22:00:00+00:00,183.05,SELL,WAIT,0.0,39.18148932210801,39.18148932210801,100.0,0.0,91414.85418991394
2026-08-20 22:15:00+00:00,175.0,SELL,WAIT,0.0,39.18148932210801,39.18148932210801,100.0,0.0,91414.85418991394
2026-08-20 22:30:00+00:00,166.45,WAIT,WAIT,0.0,39.18148932210801,39.18148932210801,100.0,0.0,91414.85418991394
2026-08-20 22:45:00+00:00,156.9,WAIT,WAIT,0.0,39.18148932210801,39.18148932210801,100.0,0.0,91414.85418991394
2026-08-20 23:00:00+00:00,165.55,WAIT,WAIT,0.0,39.18148932210801,39.18148932210801,100.0,0.0,91414.85418991394
2026-08-20 23:15:00+00:00,162.28,WAIT,WAIT,0.0,39.18148932210801,39.18148932210801,100.0,0.0,91414.85418991394
2026-08-20 23:30:00+00:00,159.74,WAIT,WAIT,0.0,39.18148932210801,39.18148932210801,100.0,0.0,91414.85418991394
2026-08-20 23:45:00+00:00,154.39,WAIT,WAIT,0.0,39.18148932210801,39.18148932210801,100.0,0.0,91414.85418991394
2026-08-21 00:00:00+00:00,154.94,WAIT,WAIT,0.0,39.18148932210801,39.18148932210801,0.0,0.0,91414.85418991394
2026-08-21 00:15:00+00:00,153.05,WAIT,WAIT,0.0,39.18148932210801,39.18148932210801,0.0,0.0,91414.85418991394
2026-08-21 00:30:00+00:00,151.16,WAIT,WAIT,0.0,39.18148932210801,39.18148932210801,0.0,0.0,91414.85418991394
2026-08-21 00:45:00+00:00,151.58,WAIT,WAIT,0.0,39.18148932210801,39.18148932210801,0.0,0.0,91414.85418991394
2026-08-21 01:00:00+00:00,152.69,WAIT,WAIT,0.0,39.18148932210801,39.18148932210801,0.0,0.0,91414.85418991394
2026-08-21 01:15:00+00:00,151.11,WAIT,WAIT,0.0,39.18148932210801,39.18148932210801,0.0,0.0,91414.85418991394
2026-08-21 01:30:00+00:00,151.53,WAIT,WAIT,0.0,39.18148932210801,39.18148932210801,0.0,0.0,91414.85418991394
2026-08-21 01:45:00+00:00,150.61,WAIT,WAIT,0.0,39.18148932210801,39.18148932210801,0.0,0.0,91414.85418991394
2026-08-21 02:00:00+00:00,150.88,BUY,CHARGE,12.125,39.18148932210801,50.68427431097049,0.0,-1829.4199999999998,89585.43418991394
2026-08-21 02:15:00+00:00,151.6,WAIT,WAIT,0.0,50.68427431097049,50.68427431097049,0.0,0.0,89585.43418991394
2026-08-21 02:30:00+00:00,152.67,WAIT,WAIT,0.0,50.68427431097049,50.68427431097049,0.0,0.0,89585.43418991394
2026-08-21 02:45:00+00:00,157.9,WAIT,WAIT,0.0,50.68427431097049,50.68427431097049,0.0,0.0,89585.43418991394
2026-08-21 03:00:00+00:00,152.22,WAIT,WAIT,0.0,50.68427431097049,50.68427431097049,0.0,0.0,89585.43418991394
2026-08-21 03:15:00+00:00,157.08,WAIT,WAIT,0.0,50.68427431097049,50.68427431097049,0.0,0.0,89585.43418991394
2026-08-21 03:30:00+00:00,168.86,SELL,DISCHARGE,12.125,50.68427431097049,37.90340210112329,12.125,2047.4275000000002,91632.86168991395
2026-08-21 03:45:00+00:00,182.92,SELL,DISCHARGE,12.125,37.90340210112329,25.12252989127609,24.25,2217.9049999999997,93850.76668991394
2026-08-21 04:00:00+00:00,179.99,SELL,DISCHARGE,12.125,25.12252989127609,12.341657681428892,36.375,2182.3787500000003,96033.14543991395
2026-08-21 04:15:00+00:00,188.09,SELL,DISCHARGE,2.2214915321232804,12.341657681428892,10.0,38.59649153212328,417.8403422770678,96450.98578219101
2026-08-21 04:30:00+00:00,188.97,SELL,WAIT,0.0,10.0,10.0,38.59649153212328,0.0,96450.98578219101
2026-08-21 04:45:00+00:00,194.37,SELL,WAIT,0.0,10.0,10.0,38.59649153212328,0.0,96450.98578219101
2026-08-21 05:00:00+00:00,193.58,SELL,WAIT,0.0,10.0,10.0,38.59649153212328,0.0,96450.98578219101
2026-08-21 05:15:00+00:00,194.66,SELL,WAIT,0.0,10.0,10.0,38.59649153212328,0.0,96450.98578219101
2026-08-21 05:30:00+00:00,195.32,SELL,WAIT,0.0,10.0,10.0,38.59649153212328,0.0,96450.98578219101
2026-08-21 05:45:00+00:00,192.0,SELL,WAIT,0.0,10.0,10.0,38.59649153212328,0.0,96450.98578219101
2026-08-21 06:00:00+00:00,211.88,SELL,WAIT,0.0,10.0,10.0,38.59649153212328,0.0,96450.98578219101
2026-08-21 06:15:00+00:00,204.71,SELL,WAIT,0.0,10.0,10.0,38.59649153212328,0.0,96450.98578219101
2026-08-21 06:30:00+00:00,188.2,SELL,WAIT,0.0,10.0,10.0,38.59649153212328,0.0,96450.98578219101
2026-08-21 06:45:00+00:00,165.55,SELL,WAIT,0.0,10.0,10.0,38.59649153212328,0.0,96450.98578219101
2026-08-21 07:00:00+00:00,193.04,SELL,WAIT,0.0,10.0,10.0,38.59649153212328,0.0,96450.98578219101
2026-08-21 07:15:00+00:00,175.59,SELL,WAIT,0.0,10.0,10.0,38.59649153212328,0.0,96450.98578219101
2026-08-21 07:30:00+00:00,158.24,SELL,WAIT,0.0,10.0,10.0,38.59649153212328,0.0,96450.98578219101
2026-08-21 07:45:00+00:00,144.45,SELL,WAIT,0.0,10.0,10.0,38.59649153212328,0.0,96450.98578219101
2026-08-21 08:00:00+00:00,166.0,SELL,WAIT,0.0,10.0,10.0,38.59649153212328,0.0,96450.98578219101
2026-08-21 08:15:00+00:00,154.69,SELL,WAIT,0.0,10.0,10.0,38.59649153212328,0.0,96450.98578219101
2026-08-21 08:30:00+00:00,142.59,SELL,WAIT,0.0,10.0,10.0,38.59649153212328,0.0,96450.98578219101
2026-08-21 08:45:00+00:00,132.72,SELL,WAIT,0.0,10.0,10.0,38.59649153212328,0.0,96450.98578219101
2026-08-21 09:00:00+00:00,139.83,SELL,WAIT,0.0,10.0,10.0,38.59649153212328,0.0,96450.98578219101
2026-08-21 09:15:00+00:00,142.23,SELL,WAIT,0.0,10.0,10.0,38.59649153212328,0.0,96450.98578219101
2026-08-21 09:30:00+00:00,137.0,SELL,WAIT,0.0,10.0,10.0,38.59649153212328,0.0,96450.98578219101
2026-08-21 09:45:00+00:00,135.14,SELL,WAIT,0.0,10.0,10.0,38.59649153212328,0.0,96450.98578219101
2026-08-21 10:00:00+00:00,134.91,SELL,WAIT,0.0,10.0,10.0,38.59649153212328,0.0,96450.98578219101
2026-08-21 10:15:00+00:00,135.12,SELL,WAIT,0.0,10.0,10.0,38.59649153212328,0.0,96450.98578219101
2026-08-21 10:30:00+00:00,135.48,WAIT,WAIT,0.0,10.0,10.0,38.59649153212328,0.0,96450.98578219101
2026-08-21 10:45:00+00:00,137.54,WAIT,WAIT,0.0,10.0,10.0,38.59649153212328,0.0,96450.98578219101
2026-08-28 11:15:00+00:00,109.86,WAIT,WAIT,0.0,10.0,10.0,0.0,0.0,96450.98578219101
2026-08-28 11:30:00+00:00,111.01,WAIT,WAIT,0.0,10.0,10.0,0.0,0.0,96450.98578219101
2026-08-28 11:45:00+00:00,106.81,BUY,CHARGE,12.125,10.0,21.50278498886248,0.0,-1295.07125,95155.91453219102
2026-08-28 12:00:00+00:00,98.34,BUY,CHARGE,12.125,21.50278498886248,33.00556997772496,0.0,-1192.3725,93963.54203219102
2026-08-28 12:15:00+00:00,95.21,BUY,CHARGE,12.125,33.00556997772496,44.50835496658744,0.0,-1154.4212499999999,92809.12078219102
2026-08-28 12:30:00+00:00,101.75,BUY,CHARGE,12.125,44.50835496658744,56.01113995544992,0.0,-1233.71875,91575.40203219102
2026-08-28 12:45:00+00:00,97.62,BUY,CHARGE,12.125,56.01113995544992,67.51392494431241,0.0,-1183.6425000000002,90391.75953219102
2026-08-28 13:00:00+00:00,106.73,BUY,CHARGE,12.125,67.51392494431241,79.0167099331749,0.0,-1294.10125,89097.65828219101
2026-08-28 13:15:00+00:00,104.96,BUY,CHARGE,11.577404271156766,79.0167099331749,90.0,0.0,-1215.1643523006142,87882.49392989039
2026-08-28 13:30:00+00:00,108.67,BUY,WAIT,0.0,90.0,90.0,0.0,0.0,87882.49392989039
2026-08-28 13:45:00+00:00,108.09,BUY,WAIT,0.0,90.0,90.0,0.0,0.0,87882.49392989039
2026-08-28 14:00:00+00:00,103.64,BUY,WAIT,0.0,90.0,90.0,0.0,0.0,87882.49392989039
2026-08-28 14:15:00+00:00,108.97,BUY,WAIT,0.0,90.0,90.0,0.0,0.0,87882.49392989039
2026-08-28 14:30:00+00:00,115.02,BUY,WAIT,0.0,90.0,90.0,0.0,0.0,87882.49392989039
2026-08-28 14:45:00+00:00,116.94,BUY,WAIT,0.0,90.0,90.0,0.0,0.0,87882.49392989039
2026-08-28 15:00:00+00:00,108.78,BUY,WAIT,0.0,90.0,90.0,0.0,0.0,87882.49392989039
2026-08-28 15:15:00+00:00,123.76,BUY,WAIT,0.0,90.0,90.0,0.0,0.0,87882.49392989039
2026-08-28 15:30:00+00:00,150.48,WAIT,WAIT,0.0,90.0,90.0,0.0,0.0,87882.49392989039
2026-08-28 15:45:00+00:00,162.44,BUY,WAIT,0.0,90.0,90.0,0.0,0.0,87882.49392989039
2026-08-28 16:00:00+00:00,139.77,BUY,WAIT,0.0,90.0,90.0,0.0,0.0,87882.49392989039
2026-08-28 16:15:00+00:00,158.8,BUY,WAIT,0.0,90.0,90.0,0.0,0.0,87882.49392989039
2026-08-28 16:30:00+00:00,167.16,WAIT,WAIT,0.0,90.0,90.0,0.0,0.0,87882.49392989039
2026-08-28 16:45:00+00:00,170.1,WAIT,WAIT,0.0,90.0,90.0,0.0,0.0,87882.49392989039
2026-08-28 17:00:00+00:00,151.81,BUY,WAIT,0.0,90.0,90.0,0.0,0.0,87882.49392989039
2026-08-28 17:15:00+00:00,166.15,WAIT,WAIT,0.0,90.0,90.0,0.0,0.0,87882.49392989039
2026-08-28 17:30:00+00:00,175.81,SELL,DISCHARGE,12.125,90.0,77.2191277901528,12.125,2131.69625,90014.19017989039
2026-08-28 17:45:00+00:00,194.23,SELL,DISCHARGE,12.125,77.2191277901528,64.4382555803056,24.25,2355.0387499999997,92369.22892989038
2026-08-28 18:00:00+00:00,174.12,WAIT,WAIT,0.0,64.4382555803056,64.4382555803056,24.25,0.0,92369.22892989038
2026-08-28 18:15:00+00:00,177.31,WAIT,WAIT,0.0,64.4382555803056,64.4382555803056,24.25,0.0,92369.22892989038
2026-08-28 18:30:00+00:00,180.75,SELL,DISCHARGE,12.125,64.4382555803056,51.65738337045839,36.375,2191.59375,94560.82267989038
2026-08-28 18:45:00+00:00,173.83,SELL,DISCHARGE,12.125,51.65738337045839,38.87651116061119,48.5,2107.6887500000003,96668.51142989038
2026-08-28 19:00:00+00:00,176.3,SELL,DISCHARGE,12.125,38.87651116061119,26.095638950763988,60.625,2137.6375000000003,98806.14892989038
2026-08-28 19:15:00+00:00,168.18,SELL,DISCHARGE,12.125,26.095638950763988,13.314766740916788,72.75,2039.1825000000001,100845.33142989037
2026-08-28 19:30:00+00:00,166.02,SELL,DISCHARGE,3.1446638440410912,13.314766740916788,10.0,75.89466384404109,522.077091387702,101367.40852127808
2026-08-28 19:45:00+00:00,154.25,WAIT,WAIT,0.0,10.0,10.0,75.89466384404109,0.0,101367.40852127808
2026-08-28 20:00:00+00:00,171.44,SELL,WAIT,0.0,10.0,10.0,75.89466384404109,0.0,101367.40852127808
2026-08-28 20:15:00+00:00,162.48,SELL,WAIT,0.0,10.0,10.0,75.89466384404109,0.0,101367.40852127808
2026-08-28 20:30:00+00:00,161.86,WAIT,WAIT,0.0,10.0,10.0,75.89466384404109,0.0,101367.40852127808
2026-08-28 20:45:00+00:00,151.0,WAIT,WAIT,0.0,10.0,10.0,75.89466384404109,0.0,101367.40852127808
2026-08-28 21:00:00+00:00,151.76,WAIT,WAIT,0.0,10.0,10.0,75.89466384404109,0.0,101367.40852127808
2026-08-28 21:15:00+00:00,148.07,WAIT,WAIT,0.0,10.0,10.0,75.89466384404109,0.0,101367.40852127808
2026-08-28 21:30:00+00:00,138.5,WAIT,WAIT,0.0,10.0,10.0,75.89466384404109,0.0,101367.40852127808
2026-08-28 21:45:00+00:00,131.01,WAIT,WAIT,0.0,10.0,10.0,75.89466384404109,0.0,101367.40852127808
2026-08-28 22:00:00+00:00,131.36,WAIT,WAIT,0.0,10.0,10.0,75.89466384404109,0.0,101367.40852127808
2026-08-28 22:15:00+00:00,136.16,WAIT,WAIT,0.0,10.0,10.0,75.89466384404109,0.0,101367.40852127808
2026-08-28 22:30:00+00:00,128.57,WAIT,WAIT,0.0,10.0,10.0,75.89466384404109,0.0,101367.40852127808
2026-08-28 22:45:00+00:00,117.57,WAIT,WAIT,0.0,10.0,10.0,75.89466384404109,0.0,101367.40852127808
2026-08-28 23:00:00+00:00,114.81,WAIT,WAIT,0.0,10.0,10.0,75.89466384404109,0.0,101367.40852127808
2026-08-28 23:15:00+00:00,114.41,WAIT,WAIT,0.0,10.0,10.0,75.89466384404109,0.0,101367.40852127808
2026-08-28 23:30:00+00:00,110.12,WAIT,WAIT,0.0,10.0,10.0,75.89466384404109,0.0,101367.40852127808
2026-08-28 23:45:00+00:00,107.33,WAIT,WAIT,0.0,10.0,10.0,75.89466384404109,0.0,101367.40852127808
2026-08-29 00:00:00+00:00,107.3,WAIT,WAIT,0.0,10.0,10.0,0.0,0.0,101367.40852127808
2026-08-29 00:15:00+00:00,101.52,BUY,CHARGE,12.125,10.0,21.50278498886248,0.0,-1230.93,100136.47852127808
2026-08-29 00:30:00+00:00,99.67,WAIT,WAIT,0.0,21.50278498886248,21.50278498886248,0.0,0.0,100136.47852127808
2026-08-29 00:45:00+00:00,91.2,BUY,CHARGE,12.125,21.50278498886248,33.00556997772496,0.0,-1105.8,99030.67852127808
2026-08-29 01:00:00+00:00,97.0,WAIT,WAIT,0.0,33.00556997772496,33.00556997772496,0.0,0.0,99030.67852127808
2026-08-29 01:15:00+00:00,91.19,BUY,CHARGE,12.125,33.00556997772496,44.50835496658744,0.0,-1105.67875,97924.99977127808
2026-08-29 01:30:00+00:00,90.44,BUY,CHARGE,12.125,44.50835496658744,56.01113995544992,0.0,-1096.585,96828.41477127807
2026-08-29 01:45:00+00:00,91.8,BUY,CHARGE,12.125,56.01113995544992,67.51392494431241,0.0,-1113.075,95715.33977127807
2026-08-29 02:00:00+00:00,96.64,WAIT,WAIT,0.0,67.51392494431241,67.51392494431241,0.0,0.0,95715.33977127807
2026-08-29 02:15:00+00:00,93.17,BUY,CHARGE,12.125,67.51392494431241,79.0167099331749,0.0,-1129.68625,94585.65352127807
2026-08-29 02:30:00+00:00,90.55,BUY,CHARGE,11.577404271156766,79.0167099331749,90.0,0.0,-1048.333956753245,93537.31956452483
2026-08-29 02:45:00+00:00,88.19,BUY,WAIT,0.0,90.0,90.0,0.0,0.0,93537.31956452483
2026-08-29 03:00:00+00:00,98.92,WAIT,WAIT,0.0,90.0,90.0,0.0,0.0,93537.31956452483
2026-08-29 03:15:00+00:00,94.27,WAIT,WAIT,0.0,90.0,90.0,0.0,0.0,93537.31956452483
2026-08-29 03:30:00+00:00,94.18,WAIT,WAIT,0.0,90.0,90.0,0.0,0.0,93537.31956452483
2026-08-29 03:45:00+00:00,95.65,WAIT,WAIT,0.0,90.0,90.0,0.0,0.0,93537.31956452483
2026-08-29 04:00:00+00:00,97.89,WAIT,WAIT,0.0,90.0,90.0,0.0,0.0,93537.31956452483
2026-08-29 04:15:00+00:00,98.06,WAIT,WAIT,0.0,90.0,90.0,0.0,0.0,93537.31956452483
2026-08-29 04:30:00+00:00,97.58,WAIT,WAIT,0.0,90.0,90.0,0.0,0.0,93537.31956452483
2026-08-29 04:45:00+00:00,96.85,WAIT,WAIT,0.0,90.0,90.0,0.0,0.0,93537.31956452483
2026-08-29 05:00:00+00:00,107.27,SELL,DISCHARGE,12.125,90.0,77.2191277901528,12.125,1300.64875,94837.96831452483
2026-08-29 05:15:00+00:00,103.88,SELL,DISCHARGE,12.125,77.2191277901528,64.4382555803056,24.25,1259.5449999999998,96097.51331452483
2026-08-29 05:30:00+00:00,100.79,SELL,DISCHARGE,12.125,64.4382555803056,51.65738337045839,36.375,1222.0787500000001,97319.59206452483
2026-08-29 05:45:00+00:00,93.09,WAIT,WAIT,0.0,51.65738337045839,51.65738337045839,36.375,0.0,97319.59206452483
2026-08-29 06:00:00+00:00,106.81,SELL,DISCHARGE,12.125,51.65738337045839,38.87651116061119,48.5,1295.07125,98614.66331452482
2026-08-29 06:15:00+00:00,84.06,WAIT,WAIT,0.0,38.87651116061119,38.87651116061119,48.5,0.0,98614.66331452482
2026-08-29 06:30:00+00:00,41.85,BUY,CHARGE,12.125,38.87651116061119,50.37929614947367,48.5,-507.43125000000003,98107.23206452483
2026-08-29 06:45:00+00:00,10.1,BUY,CHARGE,12.125,50.37929614947367,61.88208113833615,48.5,-122.46249999999999,97984.76956452483
2026-08-29 07:00:00+00:00,18.56,BUY,CHARGE,12.125,61.88208113833615,73.38486612719862,48.5,-225.04,97759.72956452484
2026-08-29 07:15:00+00:00,1.93,BUY,CHARGE,12.125,73.38486612719862,84.88765111606111,48.5,-23.40125,97736.32831452484
2026-08-29 07:30:00+00:00,0.31,WAIT,WAIT,0.0,84.88765111606111,84.88765111606111,48.5,0.0,97736.32831452484
2026-08-29 07:45:00+00:00,0.03,WAIT,WAIT,0.0,84.88765111606111,84.88765111606111,48.5,0.0,97736.32831452484
2026-08-29 08:00:00+00:00,0.49,WAIT,WAIT,0.0,84.88765111606111,84.88765111606111,48.5,0.0,97736.32831452484
2026-08-29 08:15:00+00:00,0.28,WAIT,WAIT,0.0,84.88765111606111,84.88765111606111,48.5,0.0,97736.32831452484
2026-08-29 08:30:00+00:00,0.0,WAIT,WAIT,0.0,84.88765111606111,84.88765111606111,48.5,0.0,97736.32831452484
2026-08-29 08:45:00+00:00,-0.25,WAIT,WAIT,0.0,84.88765111606111,84.88765111606111,48.5,0.0,97736.32831452484
2026-08-29 09:00:00+00:00,-0.18,SELL,DISCHARGE,12.125,84.88765111606111,72.1067789062139,60.625,-2.1825,97734.14581452485
2026-08-29 09:15:00+00:00,-0.62,SELL,DISCHARGE,12.125,72.1067789062139,59.3259066963667,72.75,-7.5175,97726.62831452485
2026-08-29 09:30:00+00:00,-0.65,WAIT,WAIT,0.0,59.3259066963667,59.3259066963667,72.75,0.0,97726.62831452485
2026-08-29 09:45:00+00:00,-0.89,WAIT,WAIT,0.0,59.3259066963667,59.3259066963667,72.75,0.0,97726.62831452485
2026-08-29 10:00:00+00:00,-1.06,BUY,CHARGE,12.125,59.3259066963667,70.82869168522919,72.75,12.852500000000001,97739.48081452484
2026-08-29 10:15:00+00:00,-1.37,BUY,CHARGE,12.125,70.82869168522919,82.33147667409168,72.75,16.611250000000002,97756.09206452484
2026-08-29 10:30:00+00:00,-1.49,BUY,CHARGE,8.08333333333334,82.33147667409168,90.0,72.75,12.044166666666676,97768.13623119151
2026-08-29 11:30:00+00:00,-1.69,BUY,WAIT,0.0,90.0,90.0,72.75,0.0,97768.13623119151
